_id,DOLocationID,payment_type,PULocationID,RatecodeID,total_amount,tpep_pickup_datetime,trip_distance,VendorID,prediction
63ba2c016900ab74ef278376,236,1,142,1.0,21.95,2022-01-01 00:35:40,3.8,1,14.68
63ba2c056900ab74ef278377,42,1,236,1.0,13.3,2022-01-01 00:33:43,2.1,1,7.95
63ba2c056900ab74ef278378,166,1,166,1.0,10.56,2022-01-01 00:53:21,0.97,2,3.93
63ba2c066900ab74ef278379,68,2,114,1.0,11.8,2022-01-01 00:25:21,1.09,2,9.44
63ba2c066900ab74ef27837a,163,1,68,1.0,30.3,2022-01-01 00:36:48,4.3,2,19.81
63ba2c066900ab74ef27837b,161,1,138,1.0,56.35,2022-01-01 00:40:15,10.3,1,21.71
63ba2c066900ab74ef27837c,87,1,233,1.0,26.0,2022-01-01 00:20:50,5.07,2,20.36
63ba2c066900ab74ef27837d,152,2,238,1.0,12.8,2022-01-01 00:13:04,2.02,2,9.69
63ba2c066900ab74ef27837e,236,1,166,1.0,18.05,2022-01-01 00:30:02,2.71,2,12.52
63ba2c066900ab74ef27837f,141,2,236,1.0,8.8,2022-01-01 00:48:52,0.78,2,4.05
63ba2c076900ab74ef278380,229,2,141,1.0,12.3,2022-01-01 00:55:03,1.91,2,8.82
63ba2c076900ab74ef278381,90,2,114,1.0,8.3,2022-01-01 00:31:06,0.82,2,3.96
63ba2c076900ab74ef278382,113,2,234,1.0,8.3,2022-01-01 00:41:07,0.73,2,3.96
63ba2c076900ab74ef278383,79,1,246,1.0,18.36,2022-01-01 00:56:34,2.16,2,12.52
63ba2c076900ab74ef278384,140,1,43,1.0,13.56,2022-01-01 00:39:46,1.43,2,7.27
63ba2c076900ab74ef278385,151,2,239,1.0,11.8,2022-01-01 00:58:06,1.58,2,9.08
63ba2c076900ab74ef278386,141,1,148,1.0,20.75,2022-01-01 00:33:52,4.2,1,14.38
63ba2c086900ab74ef278387,107,1,237,1.0,15.35,2022-01-01 00:53:54,2.2,1,9.48
63ba2c086900ab74ef278388,7,2,7,1.0,6.3,2022-01-01 00:00:44,0.2,1,2.09
63ba2c086900ab74ef278389,263,1,107,1.0,20.15,2022-01-01 00:35:50,3.9,1,13.36
63ba2c086900ab74ef27838a,107,1,263,1.0,17.75,2022-01-01 00:49:14,3.2,1,11.44
63ba2c086900ab74ef27838b,161,4,161,1.0,6.3,2022-01-01 00:06:10,0.0,1,0.69
63ba2c086900ab74ef27838c,43,1,161,1.0,12.95,2022-01-01 00:09:01,1.2,1,6.72
63ba2c096900ab74ef27838d,24,1,239,1.0,14.05,2022-01-01 00:30:06,1.7,1,8.1
63ba2c096900ab74ef27838e,263,1,239,1.0,14.15,2022-01-01 00:46:41,1.6,1,8.28
63ba2c096900ab74ef27838f,233,1,246,1.0,23.14,2022-01-01 00:14:00,2.48,2,18.73
63ba2c096900ab74ef278390,238,1,79,1.0,28.56,2022-01-01 00:46:09,5.95,2,21.22
63ba2c096900ab74ef278391,238,2,170,1.0,16.8,2022-01-01 00:52:53,4.0,1,12.53
63ba2c096900ab74ef278392,48,1,138,1.0,55.32,2022-01-01 18:04:06,9.7,2,22.55
63ba2c096900ab74ef278393,237,4,237,1.0,9.3,2022-01-01 00:23:54,0.8,1,5.14
63ba2c0a6900ab74ef278394,238,2,233,1.0,17.3,2022-01-01 00:59:06,3.8,1,13.9
63ba2c0a6900ab74ef278395,249,1,162,1.0,20.16,2022-01-01 00:15:37,3.07,2,13.55
63ba2c0a6900ab74ef278396,186,1,114,1.0,22.2,2022-01-01 00:40:18,2.79,2,14.99
63ba2c0a6900ab74ef278397,92,2,138,1.0,16.55,2022-01-01 00:17:55,4.22,2,11.45
63ba2c0a6900ab74ef278398,229,1,138,1.0,41.05,2022-01-01 00:55:48,6.67,2,21.22
63ba2c0a6900ab74ef278399,262,1,4,1.0,19.8,2022-01-01 00:12:00,5.18,2,13.36
63ba2c0a6900ab74ef27839a,249,1,262,1.0,28.99,2022-01-01 00:26:04,5.03,2,21.22
63ba2c0b6900ab74ef27839b,90,1,249,1.0,11.76,2022-01-01 00:50:07,1.05,2,5.51
63ba2c0b6900ab74ef27839c,170,1,132,2.0,78.85,2022-01-01 00:10:27,17.1,1,27.34
63ba2c0b6900ab74ef27839d,74,2,170,1.0,20.3,2022-01-01 00:45:45,4.8,1,15.21
63ba2c0b6900ab74ef27839e,10,2,132,1.0,12.55,2022-01-01 00:50:27,2.66,2,8.8
63ba2c0b6900ab74ef27839f,263,1,132,2.0,75.47,2022-01-01 00:31:06,19.14,2,30.03
63ba2c0b6900ab74ef2783a0,112,1,138,1.0,28.67,2022-01-01 00:42:45,6.49,2,21.22
63ba2c0b6900ab74ef2783a1,4,2,137,1.0,10.3,2022-01-01 00:09:28,1.43,2,6.36
63ba2c0c6900ab74ef2783a2,249,1,79,1.0,12.96,2022-01-01 00:23:40,1.27,2,6.72
63ba2c0c6900ab74ef2783a3,45,2,90,1.0,12.8,2022-01-01 00:55:13,2.07,2,9.49
63ba2c0c6900ab74ef2783a4,141,1,45,1.0,23.8,2022-01-01 01:06:32,4.9,2,17.55
63ba2c0c6900ab74ef2783a5,236,1,70,1.0,38.93,2022-01-01 00:37:15,7.87,2,21.22
63ba2c0c6900ab74ef2783a6,148,1,132,2.0,67.86,2022-01-01 00:56:26,18.81,2,29.83
63ba2c0c6900ab74ef2783a7,47,1,132,1.0,61.1,2022-01-01 00:33:42,19.5,1,31.08
63ba2c0d6900ab74ef2783a8,48,2,48,1.0,9.8,2022-01-01 00:19:52,0.4,1,6.96
63ba2c0d6900ab74ef2783a9,79,1,48,1.0,22.55,2022-01-01 00:30:20,2.7,1,18.73
63ba2c0d6900ab74ef2783aa,87,1,107,1.0,21.95,2022-01-01 00:58:11,4.4,1,14.56
63ba2c0d6900ab74ef2783ab,262,1,90,1.0,22.55,2022-01-01 00:50:22,4.3,1,17.46
63ba2c0d6900ab74ef2783ac,140,1,137,1.0,11.8,2022-01-01 00:21:01,1.9,1,6.95
63ba2c0d6900ab74ef2783ad,79,3,161,1.0,17.3,2022-01-01 00:43:49,2.3,1,20.49
63ba2c0d6900ab74ef2783ae,238,1,68,1.0,24.96,2022-01-01 00:33:50,4.62,2,20.67
63ba2c0e6900ab74ef2783af,140,1,263,1.0,11.76,2022-01-01 00:15:42,1.33,2,5.08
63ba2c0e6900ab74ef2783b0,142,1,161,1.0,30.29,2022-01-01 00:40:57,2.7,2,14.87
63ba2c0e6900ab74ef2783b1,238,1,162,1.0,27.96,2022-01-01 00:46:19,3.81,2,18.4
63ba2c0e6900ab74ef2783b2,170,2,211,1.0,15.8,2022-01-01 00:24:13,2.73,2,15.84
63ba2c0e6900ab74ef2783b3,79,1,113,1.0,11.3,2022-01-01 00:51:40,0.61,2,5.68
63ba2c0e6900ab74ef2783b4,137,1,164,1.0,15.96,2022-01-01 00:29:45,1.74,2,9.72
63ba2c0e6900ab74ef2783b5,140,1,233,1.0,14.76,2022-01-01 00:44:36,2.09,2,8.22
63ba2c0f6900ab74ef2783b6,233,1,237,1.0,19.89,2022-01-01 00:59:01,2.27,2,13.55
63ba2c0f6900ab74ef2783b7,262,2,263,1.0,9.3,2022-01-01 00:41:32,1.11,2,5.2
63ba2c0f6900ab74ef2783b8,236,2,237,1.0,9.8,2022-01-01 00:13:17,1.14,2,6.35
63ba2c0f6900ab74ef2783b9,262,1,236,1.0,9.96,2022-01-01 00:22:03,0.69,2,3.02
63ba2c0f6900ab74ef2783ba,141,2,262,1.0,9.8,2022-01-01 00:27:30,1.1,2,6.35
63ba2c0f6900ab74ef2783bb,229,1,141,1.0,11.62,2022-01-01 00:52:33,0.87,2,5.51
63ba2c0f6900ab74ef2783bc,261,2,79,1.0,18.8,2022-01-01 00:31:12,3.03,2,21.23
63ba2c106900ab74ef2783bd,246,1,43,1.0,24.96,2022-01-01 00:31:45,4.41,2,20.67
63ba2c146900ab74ef2783be,41,1,68,1.0,30.0,2022-01-01 00:57:37,6.29,2,21.22
63ba2c146900ab74ef2783bf,36,2,170,1.0,31.85,2022-01-01 00:34:12,6.5,2,21.22
63ba2c156900ab74ef2783c0,151,2,50,1.0,17.3,2022-01-01 00:30:35,3.6,1,15.45
63ba2c156900ab74ef2783c1,239,2,238,1.0,10.3,2022-01-01 00:51:26,1.0,1,6.77
63ba2c156900ab74ef2783c2,236,1,132,2.0,67.85,2022-01-01 00:34:34,20.7,1,31.08
63ba2c156900ab74ef2783c3,107,1,249,1.0,14.1,2022-01-01 00:25:31,1.3,1,8.17
63ba2c156900ab74ef2783c4,141,1,107,1.0,16.55,2022-01-01 00:36:02,2.5,1,9.7
63ba2c156900ab74ef2783c5,79,1,50,1.0,26.76,2022-01-01 00:05:26,4.56,2,20.67
63ba2c156900ab74ef2783c6,148,1,79,1.0,9.79,2022-01-01 00:32:36,0.5,2,3.59
63ba2c166900ab74ef2783c7,148,2,148,1.0,9.3,2022-01-01 00:39:46,0.68,2,5.14
63ba2c166900ab74ef2783c8,45,1,148,1.0,12.36,2022-01-01 00:49:40,0.81,2,6.11
63ba2c166900ab74ef2783c9,168,2,238,1.0,19.3,2022-01-01 00:11:20,4.08,2,18.91
63ba2c166900ab74ef2783ca,48,2,239,1.0,15.3,2022-01-01 00:49:45,1.97,2,15.9
63ba2c166900ab74ef2783cb,238,1,166,1.0,14.76,2022-01-01 00:06:28,1.91,2,8.86
63ba2c166900ab74ef2783cc,243,1,239,1.0,27.36,2022-01-01 00:17:11,5.51,2,18.14
63ba2c166900ab74ef2783cd,238,1,166,1.0,11.76,2022-01-01 00:47:55,1.1,2,5.51
63ba2c176900ab74ef2783ce,262,1,238,1.0,16.56,2022-01-01 00:55:16,1.93,2,11.31
63ba2c176900ab74ef2783cf,61,1,132,1.0,42.65,2022-01-01 00:05:57,11.1,1,25.41
63ba2c176900ab74ef2783d0,141,1,263,1.0,9.36,2022-01-01 00:56:12,0.77,2,2.63
63ba2c176900ab74ef2783d1,112,1,132,1.0,57.66,2022-01-01 00:58:27,16.75,2,27.34
63ba2c176900ab74ef2783d2,233,1,263,1.0,14.76,2022-01-01 00:00:44,2.17,2,8.22
63ba2c176900ab74ef2783d3,7,1,233,1.0,35.24,2022-01-01 00:11:39,5.43,2,21.22
63ba2c176900ab74ef2783d4,238,2,142,1.0,13.8,2022-01-01 00:13:35,2.0,1,11.78
63ba2c186900ab74ef2783d5,238,1,239,1.0,12.35,2022-01-01 00:32:27,1.0,1,6.11
63ba2c186900ab74ef2783d6,153,1,238,1.0,27.8,2022-01-01 00:43:15,7.6,1,21.22
63ba2c186900ab74ef2783d7,229,2,233,1.0,9.3,2022-01-01 00:15:35,0.88,2,5.14
63ba2c186900ab74ef2783d8,137,1,233,1.0,8.8,2022-01-01 00:32:24,0.63,2,2.62
63ba2c186900ab74ef2783d9,229,1,170,1.0,12.36,2022-01-01 00:40:45,1.14,2,6.11
63ba2c186900ab74ef2783da,231,2,141,1.0,25.8,2022-01-01 00:51:22,7.37,2,20.73
63ba2c186900ab74ef2783db,139,2,132,1.0,22.55,2022-01-01 00:25:46,6.32,2,16.97
63ba2c196900ab74ef2783dc,265,2,265,1.0,3.8,2022-01-01 00:54:05,0.1,1,0.91
63ba2c196900ab74ef2783dd,114,1,88,1.0,14.8,2022-01-01 00:08:44,2.26,2,9.48
63ba2c196900ab74ef2783de,263,1,68,1.0,28.8,2022-01-01 00:40:12,5.43,2,21.22
63ba2c196900ab74ef2783df,68,2,186,1.0,8.3,2022-01-01 00:09:50,0.56,2,3.6
63ba2c196900ab74ef2783e0,237,1,162,1.0,11.44,2022-01-01 00:18:50,0.99,2,4.27
63ba2c196900ab74ef2783e1,141,1,236,1.0,16.56,2022-01-01 00:25:38,1.85,2,11.31
63ba2c1a6900ab74ef2783e2,236,1,236,1.0,8.3,2022-01-01 00:43:30,0.5,2,2.85
63ba2c1a6900ab74ef2783e3,238,2,236,1.0,11.3,2022-01-01 00:50:01,1.67,2,7.17
63ba2c1a6900ab74ef2783e4,97,1,233,1.0,29.76,2022-01-01 00:16:03,5.88,2,21.22
63ba2c1a6900ab74ef2783e5,229,1,79,1.0,16.56,2022-01-01 00:54:52,2.83,2,9.51
63ba2c1a6900ab74ef2783e6,255,2,132,1.0,48.55,2022-01-01 00:58:47,16.82,2,34.44
63ba2c1a6900ab74ef2783e7,211,2,148,1.0,8.8,2022-01-01 00:36:55,0.68,2,4.05
63ba2c1a6900ab74ef2783e8,164,1,144,1.0,13.3,2022-01-01 00:45:08,1.91,2,7.95
63ba2c1b6900ab74ef2783e9,170,1,224,1.0,13.5,2022-01-01 00:28:57,1.49,2,7.27
63ba2c1b6900ab74ef2783ea,74,2,233,1.0,14.8,2022-01-01 00:51:46,3.49,2,10.58
63ba2c1b6900ab74ef2783eb,180,1,132,1.0,25.4,2022-01-01 00:48:52,5.3,1,17.8
63ba2c1b6900ab74ef2783ec,7,1,132,1.0,51.06,2022-01-01 00:42:02,14.48,2,30.98
63ba2c1b6900ab74ef2783ed,239,2,137,1.0,19.8,2022-01-01 00:07:13,3.9,1,18.91
63ba2c1b6900ab74ef2783ee,144,2,249,1.0,11.3,2022-01-01 00:25:25,1.67,2,7.17
63ba2c1b6900ab74ef2783ef,142,1,114,1.0,32.76,2022-01-01 00:33:50,4.59,2,21.22
63ba2c1c6900ab74ef2783f0,163,1,90,1.0,20.1,2022-01-01 00:28:44,2.53,2,13.55
63ba2c1c6900ab74ef2783f1,256,1,68,1.0,28.34,2022-01-01 00:00:20,4.89,2,21.22
63ba2c1c6900ab74ef2783f2,79,1,148,1.0,11.16,2022-01-01 00:31:10,0.93,2,5.09
63ba2c1c6900ab74ef2783f3,164,1,79,1.0,16.0,2022-01-01 00:40:23,1.73,2,9.72
63ba2c1c6900ab74ef2783f4,239,1,164,1.0,23.76,2022-01-01 00:54:54,3.73,2,18.54
63ba2c1c6900ab74ef2783f5,141,2,141,1.0,8.3,2022-01-01 00:08:47,0.76,2,3.96
63ba2c1d6900ab74ef2783f6,142,1,141,1.0,15.3,2022-01-01 00:15:04,2.12,2,9.54
63ba2c1d6900ab74ef2783f7,13,1,141,1.0,28.8,2022-01-01 00:53:09,8.15,2,21.22
63ba2c1d6900ab74ef2783f8,134,2,95,1.0,8.3,2022-01-01 00:41:01,1.4,1,5.56
63ba2c1d6900ab74ef2783f9,143,1,132,2.0,75.72,2022-01-01 00:30:25,20.9,2,33.47
63ba2c1d6900ab74ef2783fa,231,1,132,2.0,67.85,2022-01-01 00:48:29,18.9,1,29.83
63ba2c1d6900ab74ef2783fb,152,1,48,1.0,24.02,2022-01-01 00:19:37,5.66,2,17.55
63ba2c1d6900ab74ef2783fc,113,1,24,1.0,31.8,2022-01-01 00:41:00,6.26,2,21.22
63ba2c1e6900ab74ef2783fd,68,2,142,1.0,17.8,2022-01-01 00:23:23,2.45,2,20.27
63ba2c1e6900ab74ef2783fe,249,1,68,1.0,10.42,2022-01-01 00:49:06,0.71,2,3.93
63ba2c1e6900ab74ef2783ff,263,1,158,1.0,29.3,2022-01-01 00:58:41,6.05,2,21.22
63ba2c1e6900ab74ef278400,74,2,238,1.0,13.8,2022-01-01 00:11:15,2.86,2,9.49
63ba2c1e6900ab74ef278401,74,2,74,1.0,4.8,2022-01-01 00:27:27,0.3,2,2.53
63ba2c1e6900ab74ef278402,141,1,239,1.0,16.64,2022-01-01 00:43:31,1.92,2,11.31
63ba2c1e6900ab74ef278403,249,2,249,1.0,6.3,2022-01-01 00:41:54,0.0,1,0.69
63ba2c1f6900ab74ef278404,137,1,68,1.0,15.95,2022-01-01 00:45:33,1.9,1,9.72
63ba2c1f6900ab74ef278405,262,2,236,1.0,8.8,2022-01-01 00:17:34,0.9,1,4.05
63ba2c236900ab74ef278406,263,2,263,1.0,6.3,2022-01-01 00:23:57,0.0,1,0.69
63ba2c236900ab74ef278407,229,1,140,1.0,12.7,2022-01-01 00:31:53,1.3,1,5.86
63ba2c236900ab74ef278408,236,1,163,1.0,12.25,2022-01-01 00:41:40,1.3,1,5.97
63ba2c246900ab74ef278409,263,2,142,1.0,13.3,2022-01-01 00:10:06,2.6,1,8.6
63ba2c246900ab74ef27840a,262,1,263,1.0,8.76,2022-01-01 00:23:54,0.3,1,1.88
63ba2c246900ab74ef27840b,239,1,236,1.0,12.8,2022-01-01 00:32:24,1.4,1,7.49
63ba2c246900ab74ef27840c,243,1,239,1.0,26.65,2022-01-01 00:41:31,4.9,1,20.67
63ba2c246900ab74ef27840d,237,1,164,1.0,19.89,2022-01-01 00:10:42,1.5,2,9.0
63ba2c246900ab74ef27840e,233,1,163,1.0,13.3,2022-01-01 00:30:41,1.21,2,7.75
63ba2c256900ab74ef27840f,196,1,237,1.0,45.42,2022-01-01 00:58:21,8.54,2,21.22
63ba2c256900ab74ef278410,265,4,132,1.0,-23.55,2022-01-01 00:26:37,7.38,2,12.11
63ba2c256900ab74ef278411,265,2,132,1.0,23.55,2022-01-01 00:26:37,7.38,2,16.97
63ba2c256900ab74ef278412,161,2,142,1.0,16.8,2022-01-01 00:18:39,2.7,1,17.41
63ba2c256900ab74ef278413,161,1,162,1.0,10.3,2022-01-01 00:55:36,0.5,1,3.29
63ba2c256900ab74ef278414,125,2,161,1.0,25.3,2022-01-01 00:36:46,5.02,2,27.44
63ba2c256900ab74ef278415,231,2,114,1.0,11.8,2022-01-01 00:25:30,1.3,2,9.32
63ba2c266900ab74ef278416,48,1,88,1.0,36.36,2022-01-01 00:40:21,6.34,2,21.22
63ba2c266900ab74ef278417,7,2,75,1.0,22.3,2022-01-01 00:27:11,5.38,2,22.08
63ba2c266900ab74ef278418,48,1,142,1.0,15.99,2022-01-01 00:11:36,0.99,2,9.11
63ba2c266900ab74ef278419,50,1,48,1.0,11.44,2022-01-01 00:26:49,0.53,2,4.27
63ba2c266900ab74ef27841a,162,1,148,1.0,14.8,2022-01-01 00:56:48,2.9,1,9.48
63ba2c266900ab74ef27841b,113,2,164,1.0,11.8,2022-01-01 00:31:05,1.4,2,9.32
63ba2c266900ab74ef27841c,263,1,68,1.0,24.35,2022-01-01 00:25:43,4.5,1,17.55
63ba2c276900ab74ef27841d,229,1,263,1.0,12.35,2022-01-01 00:48:32,1.5,1,6.11
63ba2c276900ab74ef27841e,263,1,229,1.0,13.55,2022-01-01 00:55:41,2.0,1,7.27
63ba2c276900ab74ef27841f,234,1,246,1.0,15.96,2022-01-01 00:39:49,1.9,2,9.72
63ba2c276900ab74ef278420,141,1,141,1.0,10.3,2022-01-01 00:23:24,0.7,1,4.22
63ba2c276900ab74ef278421,236,1,161,1.0,20.75,2022-01-01 00:37:59,2.2,1,14.99
63ba2c276900ab74ef278422,65,2,132,1.0,54.05,2022-01-01 00:28:11,19.14,2,34.44
63ba2c276900ab74ef278423,234,1,249,1.0,14.15,2022-01-01 00:17:34,1.7,1,8.21
63ba2c286900ab74ef278424,262,2,170,1.0,14.3,2022-01-01 00:30:29,3.1,1,9.59
63ba2c286900ab74ef278425,163,1,262,1.0,30.25,2022-01-01 00:45:51,4.4,1,20.44
63ba2c286900ab74ef278426,50,2,246,1.0,12.3,2022-01-01 00:30:50,1.6,1,10.1
63ba2c286900ab74ef278427,79,1,50,1.0,23.76,2022-01-01 00:47:17,3.9,1,18.54
63ba2c286900ab74ef278428,142,1,113,1.0,27.0,2022-01-01 00:46:56,4.3,1,23.14
63ba2c286900ab74ef278429,79,1,90,1.0,17.75,2022-01-01 00:23:49,2.2,1,12.52
63ba2c286900ab74ef27842a,68,1,79,1.0,16.83,2022-01-01 00:41:16,2.6,1,11.64
63ba2c296900ab74ef27842b,181,1,249,1.0,33.96,2022-01-01 00:28:23,7.26,2,21.22
63ba2c296900ab74ef27842c,164,1,142,1.0,21.35,2022-01-01 00:21:16,2.1,1,14.99
63ba2c296900ab74ef27842d,231,1,107,1.0,17.16,2022-01-01 00:58:12,2.0,1,11.31
63ba2c296900ab74ef27842e,113,1,234,1.0,13.56,2022-01-01 00:36:47,1.18,2,7.27
63ba2c296900ab74ef27842f,107,2,137,1.0,16.8,2022-01-01 00:55:16,2.7,2,17.41
63ba2c296900ab74ef278430,90,1,163,1.0,20.76,2022-01-01 00:20:54,2.47,2,14.99
63ba2c2a6900ab74ef278431,263,1,186,1.0,24.36,2022-01-01 00:42:32,4.29,2,18.04
63ba2c2a6900ab74ef278432,148,2,79,1.0,8.8,2022-01-01 00:10:59,0.6,1,4.73
63ba2c2a6900ab74ef278433,83,1,113,1.0,36.8,2022-01-01 00:26:12,8.5,1,21.22
63ba2c2a6900ab74ef278434,87,1,79,1.0,14.75,2022-01-01 00:20:10,1.6,1,9.09
63ba2c2a6900ab74ef278435,249,1,209,1.0,17.75,2022-01-01 00:32:28,2.8,1,11.65
63ba2c2a6900ab74ef278436,40,1,249,1.0,25.8,2022-01-01 00:47:50,4.9,1,20.67
63ba2c2a6900ab74ef278437,90,1,137,1.0,13.56,2022-01-01 00:58:26,1.5,2,7.27
63ba2c2b6900ab74ef278438,68,1,234,1.0,10.56,2022-01-01 00:28:49,0.74,2,3.93
63ba2c2b6900ab74ef278439,144,1,68,1.0,23.16,2022-01-01 00:41:14,2.86,2,18.73
63ba2c2b6900ab74ef27843a,186,2,234,1.0,8.3,2022-01-01 00:43:40,0.68,2,3.96
63ba2c2b6900ab74ef27843b,114,1,186,1.0,16.63,2022-01-01 00:51:09,1.51,2,11.31
63ba2c2b6900ab74ef27843c,142,1,114,1.0,33.12,2022-01-01 00:14:04,5.0,1,21.22
63ba2c2b6900ab74ef27843d,239,1,239,1.0,10.1,2022-01-01 00:55:04,0.6,1,3.29
63ba2c2b6900ab74ef27843e,237,1,43,1.0,11.76,2022-01-01 00:22:51,0.64,2,5.51
63ba2c2c6900ab74ef27843f,170,1,163,1.0,17.16,2022-01-01 00:41:17,0.95,2,9.16
63ba2c2c6900ab74ef278440,48,2,249,1.0,16.8,2022-01-01 00:07:23,3.45,2,14.41
63ba2c2c6900ab74ef278441,193,1,142,1.0,21.96,2022-01-01 00:43:07,3.85,2,14.56
63ba2c2c6900ab74ef278442,262,2,237,1.0,14.8,2022-01-01 00:47:49,2.1,1,15.79
63ba2c2c6900ab74ef278443,74,2,24,1.0,12.8,2022-01-01 00:41:30,2.2,2,10.07
63ba2c2c6900ab74ef278444,42,2,68,1.0,30.3,2022-01-01 00:58:28,7.4,1,21.22
63ba2c2c6900ab74ef278445,130,2,264,1.0,28.3,2022-01-01 00:39:37,9.42,2,21.22
63ba2c2d6900ab74ef278446,255,1,144,1.0,23.76,2022-01-01 00:06:10,4.84,2,16.28
63ba2c2d6900ab74ef278447,79,1,148,1.0,11.76,2022-01-01 00:27:12,0.93,2,5.51
63ba2c2d6900ab74ef278448,231,1,224,1.0,19.12,2022-01-01 00:35:10,2.63,2,12.52
63ba2c2d6900ab74ef278449,249,1,79,1.0,14.75,2022-01-01 00:13:48,1.4,1,9.09
63ba2c2d6900ab74ef27844a,246,1,158,1.0,14.75,2022-01-01 00:29:34,1.4,1,9.09
63ba2c2d6900ab74ef27844b,170,1,246,1.0,21.35,2022-01-01 00:44:13,2.0,1,14.99
63ba2c2d6900ab74ef27844c,48,2,249,1.0,19.3,2022-01-01 00:14:33,3.8,1,19.21
63ba2c2e6900ab74ef27844d,140,1,48,1.0,19.56,2022-01-01 00:33:50,2.6,1,13.55
63ba2c2e6900ab74ef27844e,262,1,140,1.0,9.0,2022-01-01 00:51:49,0.5,1,2.62
63ba2c326900ab74ef27844f,226,2,107,1.0,19.8,2022-01-01 00:23:06,4.6,1,16.72
63ba2c326900ab74ef278450,137,1,148,1.0,17.9,2022-01-01 00:50:58,2.3,1,12.52
63ba2c336900ab74ef278451,265,1,219,1.0,71.16,2022-01-01 00:52:54,21.75,2,34.83
63ba2c336900ab74ef278452,144,2,170,1.0,15.8,2022-01-01 00:11:59,2.51,2,15.95
63ba2c336900ab74ef278453,13,1,234,1.0,26.0,2022-01-01 00:33:05,5.24,2,17.8
63ba2c336900ab74ef278454,161,2,79,1.0,15.8,2022-01-01 00:39:25,2.39,2,15.95
63ba2c336900ab74ef278455,148,1,229,1.0,19.75,2022-01-01 00:02:04,3.2,1,13.55
63ba2c336900ab74ef278456,249,1,148,1.0,14.75,2022-01-01 00:16:35,1.6,1,9.09
63ba2c336900ab74ef278457,202,1,233,1.0,21.3,2022-01-01 00:44:37,4.8,1,14.56
63ba2c346900ab74ef278458,48,2,239,1.0,10.8,2022-01-01 00:26:59,1.3,2,6.77
63ba2c346900ab74ef278459,141,1,48,1.0,24.36,2022-01-01 00:37:05,2.95,2,19.15
63ba2c346900ab74ef27845a,56,2,161,1.0,27.8,2022-01-01 00:06:49,6.9,2,21.22
63ba2c346900ab74ef27845b,170,1,148,1.0,17.16,2022-01-01 00:52:50,2.25,2,11.31
63ba2c346900ab74ef27845c,4,1,148,1.0,15.96,2022-01-01 00:26:18,1.63,2,9.72
63ba2c346900ab74ef27845d,161,2,232,1.0,19.8,2022-01-01 00:49:04,4.45,2,17.33
63ba2c346900ab74ef27845e,236,1,170,1.0,17.76,2022-01-01 00:18:28,2.94,2,11.44
63ba2c356900ab74ef27845f,237,1,43,1.0,10.0,2022-01-01 00:36:42,0.64,2,3.29
63ba2c356900ab74ef278460,263,1,237,1.0,11.16,2022-01-01 00:43:45,0.89,2,5.09
63ba2c356900ab74ef278461,261,1,229,1.0,24.8,2022-01-01 00:55:59,5.96,2,17.8
63ba2c356900ab74ef278462,113,1,79,1.0,14.16,2022-01-01 00:59:19,1.16,2,8.28
63ba2c356900ab74ef278463,263,2,140,1.0,8.8,2022-01-01 00:31:49,0.96,2,4.05
63ba2c356900ab74ef278464,79,1,263,1.0,20.76,2022-01-01 00:36:47,3.84,2,14.38
63ba2c356900ab74ef278465,263,1,79,1.0,20.76,2022-01-01 00:53:07,4.14,2,14.38
63ba2c366900ab74ef278466,263,2,170,1.0,14.8,2022-01-01 00:21:29,2.49,2,12.55
63ba2c366900ab74ef278467,42,1,263,1.0,21.19,2022-01-01 00:35:22,3.69,2,14.68
63ba2c366900ab74ef278468,148,1,237,1.0,26.0,2022-01-01 00:59:05,4.6,2,20.67
63ba2c366900ab74ef278469,256,1,132,1.0,63.75,2022-01-01 00:22:35,17.2,1,27.34
63ba2c366900ab74ef27846a,162,2,43,1.0,8.8,2022-01-01 00:27:53,0.91,2,4.05
63ba2c366900ab74ef27846b,79,2,79,1.0,6.3,2022-01-01 00:49:57,0.0,2,0.69
63ba2c376900ab74ef27846c,234,2,234,1.0,8.8,2022-01-01 00:17:03,0.65,2,4.69
63ba2c376900ab74ef27846d,233,1,48,1.0,26.66,2022-01-01 00:44:07,3.23,2,24.01
63ba2c376900ab74ef27846e,113,1,144,1.0,11.9,2022-01-01 00:19:01,1.45,2,5.97
63ba2c376900ab74ef27846f,256,1,113,1.0,23.76,2022-01-01 00:28:29,3.56,2,18.73
63ba2c376900ab74ef278470,70,3,132,1.0,35.05,2022-01-01 00:12:37,11.4,1,22.62
63ba2c376900ab74ef278471,4,1,142,1.0,26.3,2022-01-01 00:16:10,4.86,2,20.67
63ba2c376900ab74ef278472,238,1,229,1.0,21.84,2022-01-01 00:24:59,3.32,2,14.99
63ba2c386900ab74ef278473,237,1,239,1.0,14.76,2022-01-01 00:43:07,1.86,2,8.86
63ba2c386900ab74ef278474,48,2,237,1.0,21.8,2022-01-01 00:54:55,3.19,2,24.72
63ba2c386900ab74ef278475,41,1,233,1.0,23.16,2022-01-01 00:30:24,4.23,2,17.46
63ba2c386900ab74ef278476,142,1,151,1.0,12.25,2022-01-01 00:56:35,1.49,2,5.97
63ba2c386900ab74ef278477,80,1,137,1.0,25.72,2022-01-01 00:27:02,5.42,2,17.8
63ba2c386900ab74ef278478,80,1,256,1.0,10.56,2022-01-01 00:49:07,1.41,2,6.06
63ba2c386900ab74ef278479,48,1,231,1.0,26.16,2022-01-01 00:25:05,4.82,2,20.67
63ba2c396900ab74ef27847a,170,1,48,1.0,33.54,2022-01-01 00:48:19,4.99,2,21.22
63ba2c396900ab74ef27847b,170,1,140,1.0,15.36,2022-01-01 00:06:34,2.47,2,9.48
63ba2c396900ab74ef27847c,249,1,141,1.0,20.3,2022-01-01 00:23:17,3.59,2,13.36
63ba2c396900ab74ef27847d,17,2,158,1.0,22.8,2022-01-01 00:49:01,4.94,2,22.08
63ba2c396900ab74ef27847e,170,2,142,1.0,18.3,2022-01-01 00:12:32,2.75,2,22.13
63ba2c396900ab74ef27847f,238,1,234,1.0,34.12,2022-01-01 00:37:28,5.42,2,21.22
63ba2c3a6900ab74ef278480,85,2,132,1.0,38.55,2022-01-01 00:31:00,11.18,2,30.4
63ba2c3a6900ab74ef278481,168,2,68,1.0,31.3,2022-01-01 00:04:04,7.6,1,21.22
63ba2c3a6900ab74ef278482,263,2,238,1.0,10.8,2022-01-01 00:00:29,1.46,2,6.36
63ba2c3a6900ab74ef278483,74,2,263,1.0,12.3,2022-01-01 00:15:53,2.27,2,8.07
63ba2c3a6900ab74ef278484,74,2,43,1.0,14.3,2022-01-01 00:39:15,2.79,2,9.94
63ba2c3a6900ab74ef278485,166,1,75,1.0,14.04,2022-01-01 00:57:49,2.38,2,7.89
63ba2c3b6900ab74ef278486,4,1,137,1.0,13.56,2022-01-01 00:19:46,1.53,2,7.27
63ba2c3b6900ab74ef278487,223,1,79,1.0,30.36,2022-01-01 00:40:30,6.22,2,21.22
63ba2c3b6900ab74ef278488,237,1,79,1.0,17.75,2022-01-01 00:33:46,3.1,1,11.44
63ba2c3b6900ab74ef278489,112,1,264,1.0,24.75,2022-01-01 00:40:17,6.42,2,17.55
63ba2c3b6900ab74ef27848a,48,1,249,1.0,21.96,2022-01-01 00:13:05,3.27,2,14.99
63ba2c3b6900ab74ef27848b,186,1,48,1.0,21.36,2022-01-01 00:35:24,2.2,2,14.99
63ba2c3c6900ab74ef27848c,151,2,75,1.0,8.8,2022-01-01 00:44:45,1.61,2,7.25
63ba2c3c6900ab74ef27848d,166,1,151,1.0,9.96,2022-01-01 00:53:23,1.51,2,6.06
63ba2c3c6900ab74ef27848e,162,1,132,2.0,78.88,2022-01-01 00:59:42,17.43,2,27.72
63ba2c3c6900ab74ef27848f,68,1,158,1.0,11.76,2022-01-01 00:19:51,0.92,2,5.51
63ba2c3c6900ab74ef278490,142,2,68,1.0,19.3,2022-01-01 00:34:25,3.31,2,22.49
63ba2c3c6900ab74ef278491,163,2,142,1.0,8.3,2022-01-01 00:56:30,0.43,2,3.6
63ba2c3d6900ab74ef278492,17,1,236,1.0,50.4,2022-01-01 00:11:08,11.6,1,31.6
63ba2c3d6900ab74ef278493,241,1,132,1.0,65.6,2022-01-01 00:04:32,21.5,1,34.19
63ba2c416900ab74ef278494,92,2,138,1.0,17.55,2022-01-01 00:25:41,4.1,1,14.07
63ba2c426900ab74ef278495,224,1,162,1.0,15.96,2022-01-01 00:43:01,1.96,2,9.72
63ba2c426900ab74ef278496,249,1,249,1.0,9.96,2022-01-01 00:33:18,0.66,2,3.59
63ba2c426900ab74ef278497,234,1,249,1.0,10.38,2022-01-01 00:39:11,0.86,2,3.93
63ba2c426900ab74ef278498,90,2,249,1.0,10.8,2022-01-01 00:53:35,1.54,2,6.13
63ba2c426900ab74ef278499,186,3,132,2.0,63.1,2022-01-01 00:23:49,17.7,1,28.18
63ba2c426900ab74ef27849a,262,2,140,1.0,8.8,2022-01-01 00:03:53,0.8,1,4.05
63ba2c426900ab74ef27849b,164,2,162,1.0,16.8,2022-01-01 00:23:44,1.5,1,19.68
63ba2c436900ab74ef27849c,166,1,164,1.0,28.95,2022-01-01 00:47:27,5.0,1,21.22
63ba2c436900ab74ef27849d,7,2,132,1.0,43.55,2022-01-01 00:39:37,14.62,2,31.15
63ba2c436900ab74ef27849e,262,1,141,1.0,17.16,2022-01-01 00:13:02,2.3,1,11.31
63ba2c436900ab74ef27849f,179,1,229,1.0,20.76,2022-01-01 00:34:05,3.8,1,14.5
63ba2c436900ab74ef2784a0,79,2,229,1.0,15.3,2022-01-01 00:59:36,2.6,1,13.56
63ba2c436900ab74ef2784a1,162,1,107,1.0,15.35,2022-01-01 00:53:27,1.7,1,9.6
63ba2c446900ab74ef2784a2,233,1,87,1.0,21.3,2022-01-01 00:14:32,4.7,1,14.56
63ba2c446900ab74ef2784a3,229,2,233,1.0,8.8,2022-01-01 00:27:18,0.7,1,4.05
63ba2c446900ab74ef2784a4,107,2,229,1.0,11.3,2022-01-01 00:33:39,1.8,1,7.17
63ba2c446900ab74ef2784a5,79,2,137,1.0,8.8,2022-01-01 00:49:05,0.9,1,4.05
63ba2c446900ab74ef2784a6,18,2,132,1.0,63.6,2022-01-01 00:19:10,20.35,2,31.08
63ba2c446900ab74ef2784a7,238,1,161,1.0,17.76,2022-01-01 00:03:55,2.86,2,11.57
63ba2c446900ab74ef2784a8,244,2,238,1.0,18.8,2022-01-01 00:15:12,4.73,2,13.04
63ba2c456900ab74ef2784a9,166,2,116,1.0,11.8,2022-01-01 00:33:45,2.25,2,7.48
63ba2c456900ab74ef2784aa,41,2,24,1.0,7.8,2022-01-01 00:50:13,1.2,2,7.1
63ba2c456900ab74ef2784ab,164,1,43,1.0,18.96,2022-01-01 00:20:10,2.06,2,12.52
63ba2c456900ab74ef2784ac,229,1,170,1.0,13.0,2022-01-01 00:43:55,1.3,2,6.89
63ba2c456900ab74ef2784ad,157,2,231,1.0,28.8,2022-01-01 00:21:48,8.1,1,21.22
63ba2c456900ab74ef2784ae,226,2,65,1.0,19.8,2022-01-01 00:52:21,6.0,1,14.16
63ba2c466900ab74ef2784af,90,1,148,1.0,14.76,2022-01-01 00:21:31,2.04,2,8.22
63ba2c466900ab74ef2784b0,90,1,249,1.0,9.8,2022-01-01 00:36:17,1.3,2,4.96
63ba2c466900ab74ef2784b1,141,2,249,1.0,23.8,2022-01-01 00:46:14,5.79,2,20.37
63ba2c466900ab74ef2784b2,255,1,188,1.0,23.76,2022-01-01 00:50:48,5.38,2,16.28
63ba2c466900ab74ef2784b3,161,2,45,1.0,20.3,2022-01-01 00:27:26,4.95,2,15.21
63ba2c466900ab74ef2784b4,114,1,87,1.0,15.36,2022-01-01 00:52:15,1.92,2,9.6
63ba2c466900ab74ef2784b5,168,2,42,1.0,7.3,2022-01-01 00:29:08,0.9,1,5.44
63ba2c476900ab74ef2784b6,141,1,263,1.0,11.75,2022-01-01 00:48:00,1.4,1,5.08
63ba2c476900ab74ef2784b7,68,1,158,1.0,8.3,2022-01-01 00:21:55,0.7,1,3.17
63ba2c476900ab74ef2784b8,50,1,68,1.0,12.3,2022-01-01 00:27:21,1.3,1,6.2
63ba2c476900ab74ef2784b9,90,1,50,1.0,31.3,2022-01-01 00:37:13,1.9,1,12.18
63ba2c476900ab74ef2784ba,164,2,234,1.0,9.8,2022-01-01 00:50:46,0.9,1,6.12
63ba2c476900ab74ef2784bb,189,1,68,1.0,35.38,2022-01-01 00:39:35,6.74,2,21.22
63ba2c486900ab74ef2784bc,7,1,161,1.0,22.25,2022-01-01 00:04:46,3.9,1,14.56
63ba2c486900ab74ef2784bd,7,1,141,1.0,20.75,2022-01-01 00:36:10,4.1,1,14.38
63ba2c486900ab74ef2784be,166,1,48,1.0,19.8,2022-01-01 00:30:59,4.63,2,13.36
63ba2c486900ab74ef2784bf,107,2,151,1.0,21.3,2022-01-01 00:48:11,5.37,2,15.74
63ba2c486900ab74ef2784c0,170,1,137,1.0,11.3,2022-01-01 00:57:18,0.59,2,5.68
63ba2c486900ab74ef2784c1,79,1,234,1.0,15.96,2022-01-01 00:31:19,1.69,2,9.72
63ba2c486900ab74ef2784c2,17,1,142,1.0,40.55,2022-01-01 00:27:37,9.0,1,21.22
63ba2c496900ab74ef2784c3,129,1,141,1.0,25.3,2022-01-01 00:09:27,5.96,2,17.8
63ba2c496900ab74ef2784c4,256,1,232,1.0,14.76,2022-01-01 00:46:35,2.14,2,8.22
63ba2c496900ab74ef2784c5,236,1,142,1.0,13.57,2022-01-01 00:29:19,1.92,2,7.95
63ba2c496900ab74ef2784c6,144,1,79,1.0,11.8,2022-01-01 00:54:51,1.01,2,5.97
63ba2c496900ab74ef2784c7,13,1,90,1.0,21.96,2022-01-01 00:15:35,3.64,2,14.79
63ba2c496900ab74ef2784c8,249,1,13,1.0,26.8,2022-01-01 00:39:53,6.19,2,17.8
63ba2c496900ab74ef2784c9,24,1,161,1.0,23.76,2022-01-01 00:55:14,4.58,2,16.28
63ba2c4a6900ab74ef2784ca,236,2,162,1.0,11.8,2022-01-01 00:15:16,2.1,2,7.48
63ba2c4a6900ab74ef2784cb,263,1,43,1.0,10.8,2022-01-01 00:31:07,1.15,2,5.25
63ba2c4a6900ab74ef2784cc,246,1,43,1.0,26.16,2022-01-01 00:41:57,4.24,2,23.14
63ba2c4a6900ab74ef2784cd,113,1,239,1.0,23.92,2022-01-01 00:23:14,4.65,2,17.55
63ba2c4a6900ab74ef2784ce,181,1,113,1.0,29.13,2022-01-01 00:47:20,4.9,2,21.22
63ba2c4a6900ab74ef2784cf,262,1,237,1.0,15.3,2022-01-01 00:21:16,2.3,1,9.48
63ba2c4b6900ab74ef2784d0,170,1,237,1.0,16.6,2022-01-01 00:46:07,1.9,1,11.31
63ba2c4b6900ab74ef2784d1,137,1,170,1.0,9.3,2022-01-01 00:58:00,0.6,1,2.68
63ba2c4b6900ab74ef2784d2,79,1,170,1.0,13.55,2022-01-01 00:25:27,1.7,1,7.27
63ba2c4b6900ab74ef2784d3,141,1,170,1.0,19.85,2022-01-01 00:45:10,2.4,1,13.55
63ba2c4b6900ab74ef2784d4,42,2,239,1.0,18.8,2022-01-01 00:05:02,4.14,2,16.36
63ba2c4b6900ab74ef2784d5,236,1,43,1.0,16.0,2022-01-01 00:33:37,2.11,2,9.66
63ba2c4b6900ab74ef2784d6,234,2,237,1.0,18.3,2022-01-01 00:46:31,3.5,2,18.72
63ba2c4c6900ab74ef2784d7,144,1,142,1.0,33.5,2022-01-01 00:16:50,5.2,1,21.22
63ba2c4c6900ab74ef2784d8,170,1,263,1.0,15.87,2022-01-01 00:05:58,2.57,2,9.6
63ba2c4c6900ab74ef2784d9,33,2,249,1.0,16.3,2022-01-01 00:29:05,3.25,2,13.81
63ba2c506900ab74ef2784da,106,2,33,1.0,11.3,2022-01-01 00:49:51,2.18,2,11.48
63ba2c506900ab74ef2784db,236,2,237,1.0,10.3,2022-01-01 00:18:44,1.5,2,6.13
63ba2c516900ab74ef2784dc,141,1,236,1.0,13.8,2022-01-01 00:26:42,1.49,2,8.23
63ba2c516900ab74ef2784dd,144,1,236,1.0,26.16,2022-01-01 00:42:31,4.72,2,20.67
63ba2c516900ab74ef2784de,141,2,238,1.0,11.8,2022-01-01 00:21:25,1.57,2,9.08
63ba2c516900ab74ef2784df,141,2,140,1.0,9.3,2022-01-01 00:32:18,1.02,2,5.2
63ba2c516900ab74ef2784e0,140,1,141,5.0,15.36,2022-01-01 00:39:28,0.0,2,0.72
63ba2c516900ab74ef2784e1,140,2,163,1.0,10.3,2022-01-01 00:57:05,1.1,2,6.77
63ba2c526900ab74ef2784e2,164,1,43,1.0,21.36,2022-01-01 00:10:23,2.27,2,14.99
63ba2c526900ab74ef2784e3,140,2,161,1.0,15.3,2022-01-01 00:20:27,1.81,2,16.83
63ba2c526900ab74ef2784e4,237,1,140,1.0,13.5,2022-01-01 00:37:16,1.13,2,7.27
63ba2c526900ab74ef2784e5,164,1,162,1.0,13.56,2022-01-01 00:51:33,1.39,2,7.27
63ba2c526900ab74ef2784e6,112,1,88,1.0,31.55,2022-01-01 00:15:17,6.4,1,21.22
63ba2c526900ab74ef2784e7,148,4,148,1.0,6.3,2022-01-01 00:59:31,0.0,1,0.69
63ba2c526900ab74ef2784e8,142,1,142,5.0,152.8,2022-01-01 00:38:48,0.0,2,0.27
63ba2c536900ab74ef2784e9,158,1,233,1.0,18.36,2022-01-01 00:31:08,2.64,2,12.52
63ba2c536900ab74ef2784ea,48,1,158,1.0,15.96,2022-01-01 00:48:00,1.98,2,9.72
63ba2c536900ab74ef2784eb,41,1,90,1.0,31.8,2022-01-01 00:09:31,6.94,2,21.22
63ba2c536900ab74ef2784ec,161,2,41,1.0,21.8,2022-01-01 00:40:42,4.17,2,21.67
63ba2c536900ab74ef2784ed,236,1,113,1.0,24.36,2022-01-01 00:06:07,4.09,2,19.15
63ba2c536900ab74ef2784ee,262,2,236,1.0,9.8,2022-01-01 00:33:45,0.8,2,6.12
63ba2c536900ab74ef2784ef,229,1,262,1.0,13.56,2022-01-01 00:43:37,1.66,2,7.27
63ba2c546900ab74ef2784f0,141,1,68,1.0,25.56,2022-01-01 00:05:26,3.84,2,24.01
63ba2c546900ab74ef2784f1,148,2,211,1.0,9.3,2022-01-01 00:12:17,0.9,1,5.14
63ba2c546900ab74ef2784f2,186,1,79,1.0,20.75,2022-01-01 00:23:07,2.2,1,14.99
63ba2c546900ab74ef2784f3,232,1,90,1.0,20.15,2022-01-01 00:45:06,3.0,1,13.55
63ba2c546900ab74ef2784f4,87,1,236,1.0,31.6,2022-01-01 00:23:51,7.2,1,21.22
63ba2c546900ab74ef2784f5,249,1,87,1.0,17.15,2022-01-01 00:40:59,2.5,1,10.54
63ba2c546900ab74ef2784f6,68,1,68,1.0,9.1,2022-01-01 00:54:42,0.3,1,2.46
63ba2c556900ab74ef2784f7,107,1,90,1.0,13.3,2022-01-01 00:57:44,0.9,1,7.75
63ba2c556900ab74ef2784f8,79,1,113,1.0,9.96,2022-01-01 00:22:11,0.6,1,3.59
63ba2c556900ab74ef2784f9,140,1,162,1.0,18.95,2022-01-01 00:48:00,2.2,1,12.52
63ba2c556900ab74ef2784fa,220,1,220,5.0,15.3,2022-01-01 00:08:27,0.0,2,0.72
63ba2c556900ab74ef2784fb,234,1,141,1.0,17.76,2022-01-01 00:35:45,2.89,2,11.5
63ba2c556900ab74ef2784fc,148,1,90,1.0,14.6,2022-01-01 00:58:59,2.44,2,8.49
63ba2c556900ab74ef2784fd,262,1,234,1.0,21.96,2022-01-01 00:29:50,4.23,2,14.56
63ba2c566900ab74ef2784fe,246,1,50,1.0,8.8,2022-01-01 00:31:21,0.8,1,4.12
63ba2c566900ab74ef2784ff,87,1,87,5.0,62.3,2022-01-01 00:57:55,0.8,1,1.55
63ba2c566900ab74ef278500,116,1,138,1.0,40.92,2022-01-01 00:08:27,8.95,2,21.22
63ba2c566900ab74ef278501,239,1,41,1.0,15.87,2022-01-01 00:31:06,2.65,2,9.6
63ba2c566900ab74ef278502,65,1,239,1.0,36.96,2022-01-01 00:42:33,8.07,2,21.22
63ba2c566900ab74ef278503,229,1,170,1.0,15.95,2022-01-01 00:17:18,1.6,1,9.72
63ba2c576900ab74ef278504,140,1,161,1.0,16.45,2022-01-01 00:43:58,2.4,1,11.3
63ba2c576900ab74ef278505,162,1,132,2.0,75.47,2022-01-01 00:08:38,17.32,2,27.72
63ba2c576900ab74ef278506,237,1,161,1.0,19.24,2022-01-01 00:34:10,1.73,2,12.52
63ba2c576900ab74ef278507,238,2,236,1.0,10.3,2022-01-01 00:29:27,1.3,1,6.77
63ba2c576900ab74ef278508,236,1,238,1.0,12.36,2022-01-01 00:35:43,1.1,1,6.11
63ba2c576900ab74ef278509,263,1,236,1.0,11.75,2022-01-01 00:45:12,1.1,1,5.51
63ba2c576900ab74ef27850a,229,1,263,1.0,12.3,2022-01-01 00:53:46,1.3,1,6.2
63ba2c586900ab74ef27850b,238,1,234,1.0,26.0,2022-01-01 00:21:13,4.49,2,20.67
63ba2c586900ab74ef27850c,140,1,238,1.0,17.94,2022-01-01 00:42:58,2.26,2,12.52
63ba2c586900ab74ef27850d,74,2,238,1.0,13.3,2022-01-01 00:02:02,2.11,2,10.26
63ba2c586900ab74ef27850e,82,2,146,1.0,15.3,2022-01-01 00:44:23,3.83,2,10.76
63ba2c586900ab74ef27850f,68,2,68,1.0,8.8,2022-01-01 00:20:24,0.78,2,4.05
63ba2c586900ab74ef278510,68,2,246,1.0,10.8,2022-01-01 00:26:29,1.23,2,6.77
63ba2c586900ab74ef278511,87,1,249,1.0,18.5,2022-01-01 00:40:04,2.57,2,12.52
63ba2c596900ab74ef278512,181,1,264,1.0,38.16,2022-01-01 00:19:39,9.56,2,21.22
63ba2c596900ab74ef278513,25,1,264,1.0,24.36,2022-01-01 00:57:38,5.03,2,17.55
63ba2c596900ab74ef278514,229,2,113,1.0,15.3,2022-01-01 00:28:46,2.5,1,13.56
63ba2c596900ab74ef278515,90,1,239,1.0,20.8,2022-01-01 00:15:12,3.7,1,14.68
63ba2c596900ab74ef278516,170,1,249,1.0,20.15,2022-01-01 00:38:57,2.8,1,13.55
63ba2c596900ab74ef278517,263,1,43,1.0,14.75,2022-01-01 00:06:43,1.5,1,9.09
63ba2c5a6900ab74ef278518,229,1,141,1.0,10.3,2022-01-01 00:17:18,1.2,1,5.0
63ba2c5a6900ab74ef278519,237,1,43,1.0,14.0,2022-01-01 00:32:38,1.1,1,8.17
63ba2c5a6900ab74ef27851a,237,2,239,1.0,11.8,2022-01-01 00:16:55,1.42,2,9.24
63ba2c5a6900ab74ef27851b,158,1,237,1.0,25.74,2022-01-01 00:37:06,4.41,2,20.67
63ba2c5a6900ab74ef27851c,197,1,132,1.0,23.81,2022-01-01 00:03:51,5.7,2,17.55
63ba2c5a6900ab74ef27851d,236,1,113,1.0,24.96,2022-01-01 00:25:10,3.9,2,24.01
63ba2c5b6900ab74ef27851e,239,1,43,1.0,12.0,2022-01-01 00:48:56,1.57,2,5.97
63ba2c5b6900ab74ef27851f,151,1,239,1.0,14.16,2022-01-01 00:57:39,1.5,2,8.28
63ba2c5b6900ab74ef278520,231,2,249,1.0,14.8,2022-01-01 00:19:10,2.52,2,12.55
63ba2c5b6900ab74ef278521,114,1,231,1.0,12.36,2022-01-01 00:40:50,1.19,2,6.11
63ba2c5f6900ab74ef278522,107,1,114,1.0,9.68,2022-01-01 00:48:45,0.96,2,4.0
63ba2c606900ab74ef278523,229,1,107,1.0,13.3,2022-01-01 00:57:39,2.18,2,7.95
63ba2c606900ab74ef278524,169,2,100,1.0,39.8,2022-01-01 00:28:51,10.55,2,26.11
63ba2c606900ab74ef278525,72,1,132,1.0,42.06,2022-01-01 00:30:58,11.57,2,24.03
63ba2c606900ab74ef278526,88,1,50,1.0,24.8,2022-01-01 00:23:34,4.7,1,20.67
63ba2c606900ab74ef278527,249,2,261,1.0,10.8,2022-01-01 00:58:07,1.4,1,6.52
63ba2c606900ab74ef278528,162,1,125,1.0,21.96,2022-01-01 00:07:59,2.99,2,14.99
63ba2c616900ab74ef278529,74,1,161,1.0,20.76,2022-01-01 00:41:35,3.7,2,14.5
63ba2c616900ab74ef27852a,262,2,74,1.0,10.8,2022-01-01 01:01:24,1.3,2,6.77
63ba2c616900ab74ef27852b,144,1,231,1.0,11.76,2022-01-01 00:53:45,1.01,2,5.51
63ba2c616900ab74ef27852c,229,1,107,1.0,17.88,2022-01-01 00:07:53,2.21,2,12.52
63ba2c616900ab74ef27852d,48,1,234,1.0,24.96,2022-01-01 00:39:03,2.36,2,24.01
63ba2c616900ab74ef27852e,142,1,239,1.0,8.76,2022-01-01 00:25:07,0.47,2,2.04
63ba2c616900ab74ef27852f,243,1,116,1.0,12.36,2022-01-01 00:41:41,2.03,2,6.83
63ba2c626900ab74ef278530,239,2,237,1.0,13.3,2022-01-01 00:31:57,2.18,2,9.95
63ba2c626900ab74ef278531,239,2,239,1.0,8.3,2022-01-01 00:55:01,0.57,2,3.6
63ba2c626900ab74ef278532,142,1,140,1.0,15.36,2022-01-01 00:19:00,1.77,2,9.6
63ba2c626900ab74ef278533,233,1,142,1.0,21.96,2022-01-01 00:33:02,3.03,2,14.99
63ba2c626900ab74ef278534,232,2,68,1.0,15.3,2022-01-01 00:41:27,3.02,2,12.41
63ba2c636900ab74ef278535,249,1,232,1.0,14.76,2022-01-01 00:56:18,1.71,2,9.09
63ba2c636900ab74ef278536,238,1,239,1.0,10.3,2022-01-01 00:16:40,0.78,2,4.22
63ba2c636900ab74ef278537,48,2,239,1.0,10.3,2022-01-01 00:24:38,1.4,2,6.52
63ba2c636900ab74ef278538,249,1,48,1.0,20.13,2022-01-01 00:31:25,2.67,2,13.55
63ba2c636900ab74ef278539,140,1,163,1.0,14.75,2022-01-01 00:04:28,1.8,1,9.09
63ba2c636900ab74ef27853a,262,1,237,1.0,12.95,2022-01-01 00:26:24,1.2,1,6.72
63ba2c646900ab74ef27853b,79,1,262,1.0,19.3,2022-01-01 00:35:54,4.3,1,13.36
63ba2c646900ab74ef27853c,249,2,113,1.0,7.8,2022-01-01 00:51:46,0.5,1,2.7
63ba2c646900ab74ef27853d,79,1,249,1.0,12.95,2022-01-01 00:57:30,1.1,1,6.72
63ba2c646900ab74ef27853e,43,1,170,1.0,23.5,2022-01-01 00:18:40,2.77,2,18.73
63ba2c646900ab74ef27853f,24,1,43,1.0,12.36,2022-01-01 00:39:41,1.24,2,6.11
63ba2c646900ab74ef278540,237,2,239,1.0,10.3,2022-01-01 00:53:08,1.1,2,6.77
63ba2c656900ab74ef278541,107,1,237,1.0,16.64,2022-01-01 01:01:52,2.36,2,10.53
63ba2c656900ab74ef278542,68,1,249,1.0,17.8,2022-01-01 00:15:46,0.6,2,4.9
63ba2c656900ab74ef278543,48,2,68,1.0,10.3,2022-01-01 00:20:26,1.2,2,6.77
63ba2c656900ab74ef278544,148,1,246,1.0,21.36,2022-01-01 00:31:56,3.54,2,14.79
63ba2c656900ab74ef278545,144,1,148,1.0,8.16,2022-01-01 00:51:19,0.34,2,1.95
63ba2c656900ab74ef278546,140,1,237,1.0,12.09,2022-01-01 00:31:20,1.05,2,5.97
63ba2c656900ab74ef278547,87,2,237,1.0,20.8,2022-01-01 00:45:19,4.64,2,19.88
63ba2c666900ab74ef278548,42,2,161,1.0,20.3,2022-01-01 00:09:28,4.79,2,15.6
63ba2c666900ab74ef278549,33,1,132,1.0,63.31,2022-01-01 00:00:46,19.55,2,31.08
63ba2c666900ab74ef27854a,255,1,65,1.0,19.12,2022-01-01 00:35:58,3.68,2,11.96
63ba2c666900ab74ef27854b,229,1,237,1.0,19.12,2022-01-01 00:18:43,1.2,2,10.84
63ba2c666900ab74ef27854c,35,2,132,1.0,31.3,2022-01-01 00:19:55,10.7,1,20.35
63ba2c666900ab74ef27854d,49,1,138,1.0,33.66,2022-01-01 00:41:56,8.72,2,21.22
63ba2c676900ab74ef27854e,141,1,90,1.0,23.16,2022-01-01 00:14:26,3.43,2,18.73
63ba2c676900ab74ef27854f,263,1,237,1.0,11.98,2022-01-01 00:40:21,0.9,2,5.97
63ba2c676900ab74ef278550,141,1,236,1.0,17.88,2022-01-01 00:51:14,2.22,2,12.52
63ba2c676900ab74ef278551,75,2,263,1.0,8.8,2022-01-01 00:26:39,1.13,2,5.2
63ba2c676900ab74ef278552,75,1,75,1.0,6.8,2022-01-01 00:30:38,0.88,2,4.12
63ba2c676900ab74ef278553,233,2,263,1.0,12.3,2022-01-01 00:43:39,2.21,2,8.07
63ba2c676900ab74ef278554,170,1,162,1.0,13.56,2022-01-01 00:15:35,1.37,2,7.27
63ba2c686900ab74ef278555,170,1,50,1.0,18.8,2022-01-01 00:19:45,2.61,2,12.52
63ba2c686900ab74ef278556,243,2,170,1.0,31.8,2022-01-01 00:55:56,9.03,2,21.22
63ba2c686900ab74ef278557,134,1,161,1.0,85.02,2022-01-01 00:15:34,16.21,2,27.34
63ba2c686900ab74ef278558,161,1,246,1.0,19.3,2022-01-01 00:14:27,3.29,2,13.55
63ba2c686900ab74ef278559,233,2,234,1.0,10.3,2022-01-01 00:59:38,1.3,2,6.77
63ba2c686900ab74ef27855a,87,1,231,1.0,10.56,2022-01-01 00:13:12,0.71,2,3.93
63ba2c686900ab74ef27855b,74,1,209,1.0,35.16,2022-01-01 00:28:19,8.6,2,21.22
63ba2c696900ab74ef27855c,263,1,263,1.0,9.36,2022-01-01 00:53:34,0.64,2,2.62
63ba2c696900ab74ef27855d,114,1,141,1.0,22.8,2022-01-01 00:01:37,5.3,1,16.14
63ba2c696900ab74ef27855e,137,1,144,1.0,12.95,2022-01-01 00:20:02,1.4,1,6.72
63ba2c696900ab74ef27855f,170,1,148,1.0,17.75,2022-01-01 00:45:32,2.4,1,12.52
63ba2c696900ab74ef278560,107,2,249,1.0,11.8,2022-01-01 00:03:20,1.8,1,7.55
63ba2c696900ab74ef278561,238,2,107,1.0,21.3,2022-01-01 00:14:00,5.1,1,18.51
63ba2c696900ab74ef278562,48,2,239,1.0,11.8,2022-01-01 00:36:43,1.7,1,7.55
63ba2c6a6900ab74ef278563,177,2,50,1.0,38.3,2022-01-01 00:47:56,10.4,1,24.52
63ba2c6a6900ab74ef278564,68,1,114,1.0,14.16,2022-01-01 00:20:55,1.7,2,8.21
63ba2c6a6900ab74ef278565,158,1,68,1.0,13.5,2022-01-01 00:31:20,1.44,2,7.27
63ba2c6a6900ab74ef278566,50,1,249,1.0,15.8,2022-01-01 00:40:57,2.59,2,9.6
63ba2c6f6900ab74ef278567,79,1,87,1.0,18.3,2022-01-01 00:20:10,3.53,2,11.8
63ba2c6f6900ab74ef278568,4,1,249,1.0,17.76,2022-01-01 00:42:12,2.06,2,12.52
63ba2c6f6900ab74ef278569,249,1,79,1.0,11.16,2022-01-01 00:58:40,1.02,2,4.12
