0288a619-e5e6-44ad-9a84-69990114d7ad,17.816666666666666
13bc0eed-3565-4c6d-ae4e-270ee6e2e927,8.4
48c32733-ec49-46bb-974b-22d2567bfe4a,8.966666666666667
e319d18e-15a6-4001-a321-b9e8f8be4cb1,10.033333333333333
bd721b85-f9c8-44c3-85b8-760dcda974c0,37.53333333333333
9c6ef3bc-5703-444c-9661-718190bd9487,29.55
56dfac62-87e4-4939-9794-c6de11fa63f0,14.133333333333333
d3df30b3-a2e9-4600-b6e2-d40a492b4ad4,9.683333333333334
6807edd5-5bb9-4e4e-98db-3bdceb87f01c,14.783333333333333
714186c7-d5d2-4015-9f05-0693e552aee3,4.6
d353cb86-ab9f-4932-a08d-154a259f323c,9.366666666666667
fad4e483-11f4-472e-8aa7-d80a9ee54c8c,3.1333333333333333
264f182b-9071-4777-9d68-d7ff9067e67a,3.65
44592908-b6a5-4900-8485-1577f7938313,15.5
98b4e03f-af98-4fb5-aa66-d978ae54bd2c,7.833333333333333
01f1eb63-eeb2-4b1f-8166-dd7f189fdff4,7.65
106596eb-635d-4249-8d08-6f1b5dff7e0d,13.6
259ab609-fdc3-4377-abef-4ee26820fde3,11.433333333333334
a09752c5-456a-4430-a936-913662cd7776,4.75
e05d1836-a565-4439-a90a-1546f652d3f6,12.716666666666667
948d1355-48d7-4d8b-a6b8-d54ee5c5397d,9.25
536b891d-11d6-44ac-92c2-0ee47672c13d,2.8
964253bb-4ba5-4266-b0d2-0f9882a1a77c,8.233333333333333
c3473655-42af-44a9-bd53-76a2c0164674,8.083333333333334
31055910-3696-470b-aee0-f0fd2b6a147e,11.2
4320e934-e551-4467-a5a8-e78c02bc1089,21.4
cb41fe32-d9bf-45a4-bf13-67fc8980cd57,21.95
44ed4655-b6d6-4c6d-8be6-67e328f8bb5c,12.55
2a83a103-bd76-4f49-b83f-f56174690a4b,36.766666666666666
330b2e08-ed70-41fe-8a0b-4b09e342331c,4.8
8877cf60-a019-4c6b-abf8-f2d770219783,13.85
9edd9685-8134-4232-a74a-ac1c0d1d6d03,15.6
2b3d2976-a1a5-4475-96b7-202489c1d96e,22.533333333333335
12255815-11bd-4023-aa91-15e034270c1a,9.833333333333334
5a20c2a2-f1d1-4dce-85ae-3b71e6262588,18.6
785f177a-5fca-4835-9245-bdac117931b8,10.783333333333333
f08adf21-3c12-47f0-a544-2d46c470c0f7,18.833333333333332
7af54767-bb22-479e-9943-3c177c2f29ac,5.616666666666666
e78cef5a-529d-4250-bf80-c3531957d6ec,31.533333333333335
4f6c5dfa-5150-4e53-bd10-be3afe9662eb,16.0
c3440485-7558-4c1b-8e41-783dd0b89354,9.016666666666667
0fce23b0-89c7-4d54-9b1b-6f0a7bf0f362,27.333333333333332
a9cf0940-8b01-4dd1-a11f-9de744824d81,13.5
d82d25f3-64fa-4ec3-bded-6098e5f5679b,5.233333333333333
42d1caa1-808e-47cf-b52a-5a76e1ec1b9b,6.566666666666666
3ecced48-2735-44f4-901d-48278c008d33,9.716666666666667
47efa6ee-5397-4d82-af64-02b9ad58a6d0,22.883333333333333
ac91f9f2-0cbe-4d04-9589-a3862517565e,15.6
28b88fbd-9e66-4714-9b9d-cba6668a58e1,28.716666666666665
1898a23a-d807-4bd5-8c15-de733f086fa2,28.116666666666667
1a7c2fd7-ce85-44e9-9d40-702e9fa24cb6,7.083333333333333
bac23e34-236c-4b5c-aea9-32874ab17f63,21.833333333333332
fe1e4940-a586-4077-bbab-0aa95277ff94,11.85
9b0a0fb9-044f-42a9-9332-f88b9c9b5cb7,16.966666666666665
1fa2c805-6e48-415f-9e80-dc48bce2e495,4.866666666666666
7da70bb5-220d-4a20-b751-13df41ec332e,19.283333333333335
6f649c1b-ac1d-4876-a99f-e5f8843ac875,18.4
67325271-0783-4a37-addc-3ac5ca8a6a6b,4.85
07f11263-e9ae-41e1-94c4-633033c9aeab,31.183333333333334
a9dcc161-7cd0-462e-8ad2-b911c22b7daa,29.05
b122ae9d-03f2-4e1c-8cb4-a61d9681c41a,14.616666666666667
df36e55d-ebbe-4efa-9bf5-a3ac6fb98639,5.816666666666666
3b1dfef3-eefd-4aff-9c32-f546f7b3b31b,12.283333333333333
5c1b1033-6bbf-4b58-b7c0-06aeb17c4b8c,7.833333333333333
ac5bad30-8027-406e-aa6d-b6e732d24b6e,13.55
a06fa3c2-82e8-49a0-b122-651a4373b26b,4.05
e0a26631-0524-4aaa-95a7-9bd8aeea4963,4.883333333333334
14104dbd-5c40-4a77-ad94-c220378a44b9,3.566666666666667
9a25b68a-dbac-4e48-87de-30433cd736f3,5.35
9f8cd825-8eef-402d-8b3a-343b27dde162,5.566666666666666
675dae72-f9c6-4824-ad63-1b708cf38f2d,1409.7666666666667
967d3a66-03a9-4326-ab41-2c08a1bdaaeb,21.516666666666666
2424b08f-6058-4962-87c3-d428fd6f54be,31.966666666666665
b8717920-9a9b-418d-b46c-38c4df5f53a7,22.216666666666665
56aec9d9-6fb0-4897-9b65-62b05427af88,16.166666666666668
3a1a2660-28a9-48f9-87c5-bba961206cf6,6.983333333333333
ff720eeb-d29d-43fd-98b5-7a8301bd4ecb,34.18333333333333
73c57100-8df6-4022-905e-76818afdb144,8.6
15c5f487-59a4-4c9f-a8a9-b2c4f3f231cb,10.066666666666666
dc8fe078-8b0b-44a2-943d-580c97e84792,23.65
b310bb03-eef5-43c0-b4d5-ae91a6288042,4.333333333333333
395b9970-94a8-4b7b-a2d3-6d8091abcffe,6.5
da5aead0-b40a-41e2-b6b3-83e40e3c53c1,7.6
599cb270-e9c1-4254-ace5-d51e1b857a1d,17.4
28188146-0a3e-4c66-82de-824742aa62e1,16.883333333333333
f5d6e358-bdc8-438f-b5d1-3a9895dc6d9b,7.816666666666666
56d33038-d081-4064-ab37-2a6648ee7d8a,18.983333333333334
030fbc3a-151d-498c-a180-dfb964b9546d,5.016666666666667
910ed045-2738-4d2f-bb79-ac53e50f7dac,11.466666666666667
4a54296a-0473-459a-a273-593d307b8dad,26.566666666666666
bbb7c627-0b5d-4fd7-9049-ca292edeccfd,2.2666666666666666
ebd1d36b-8e01-400e-94c0-621b9fd35c75,24.75
7ea50b03-d36a-4680-9924-9a48373d69fa,8.166666666666666
600f4cc0-58a0-4ddb-874a-203d4cbdc519,24.416666666666668
7d99800c-5cd3-410d-b299-95251073d02a,12.283333333333333
22cb2ff6-d4c1-43ef-8700-c6c61c781c2a,7.183333333333334
a1d894ff-4db9-4b36-8787-6f0e14ad31e3,18.333333333333332
72984c0b-ff03-48d6-8f7a-df9395dff1b8,5.233333333333333
2ff4f197-37e7-4392-ba25-99d44e4d036d,2.5
e630bcb6-d4ba-41a5-a04d-3a52dbecd3cb,6.616666666666666
f0a9fc07-d00d-4bb4-8b10-e123e72054a4,14.766666666666667
6ac75b20-1673-44ac-a117-425e16990b98,14.883333333333333
37f22210-bc12-449a-ba60-d8f6e342a892,0.65
22242aba-302c-4381-a074-9341f8063594,13.166666666666666
afef4e43-a461-4c9b-be40-18c8def9dbf0,26.933333333333334
ec434529-f3ba-4dea-8984-9fc0cb89a6c4,3.8333333333333335
707a6b11-5efc-48b3-bd97-79c0db5df083,3.2666666666666666
fe882e43-ec97-43ac-a22b-b7eaef197218,12.416666666666666
80edf645-9345-4bd1-97f5-a9df391d59ce,1.65
f1508b4b-1075-4bdd-ba88-6977d88069eb,6.983333333333333
94b8dfc8-2fdf-419d-8479-638eb3fcd06f,24.366666666666667
f90150e8-f7d4-49cb-bbd6-705cbd770a39,8.983333333333333
fb7e583c-5399-4461-b4bd-02bae1a6696d,25.85
a07bda50-59fd-4700-b6ac-ad6ffd52b720,4.85
f81e7440-671d-4582-8316-73143e74e588,10.533333333333333
063f3b69-cf7c-4dc1-9bc5-2f4a572279d0,6.866666666666666
92a2754a-2b3f-47ef-a207-0c7aa60eb01f,9.766666666666667
d0cb8cd1-53a6-4d66-88f1-fb7e684db842,13.05
02851870-2603-4899-86cf-a0873b8561bb,22.483333333333334
c4ede2f8-9a18-456e-9ca7-f0b374e63d81,20.883333333333333
e92fe97c-58cc-4a2b-b016-8391a727b249,7.816666666666666
fa1cd7ff-7273-4ce9-9f08-21d125dd0522,33.483333333333334
285d56d0-75e3-47eb-adec-6659da36d25e,22.766666666666666
5fe510b7-c9a9-4eaa-9ef0-23c87208e0ff,20.516666666666666
b8cc01c2-93f8-4620-8b0f-cc861e4a8973,4.933333333333334
100d3519-a0bb-4778-aa40-3b4ca0dce779,10.666666666666666
283d2ab5-c6c6-42b1-861d-137f8bf44064,19.716666666666665
b7119cae-33af-4884-8915-178182fffe44,2.95
a7c01094-5730-4dcc-b035-81c33f7c2f55,11.75
23fef999-a165-4538-b3ce-8f20bc317b07,17.833333333333332
1487c8a7-f45a-4bba-b90b-5ea2f676fdfe,6.35
c4d2c1a3-c524-483f-adf5-ffa76c3d47b9,45.1
7fbb5c94-fb60-489b-a420-91770a3ca491,28.816666666666666
9220b152-fed6-4896-9f91-272bbd5466c4,13.883333333333333
9719e929-7130-45e7-b6e0-d8a8155d2ac2,28.316666666666666
1e8a301e-33ab-4865-a61d-fd01c4083085,20.116666666666667
fac75672-8a68-4123-b197-a122b30b0691,5.133333333333334
16be6d73-df03-4c11-a666-e7b133cc5d90,28.016666666666666
842be783-d79c-4763-a363-6681d760f1ed,14.183333333333334
52b813a2-8177-4a7a-b7d7-c18dc4f130c4,1.8333333333333333
dfef3b19-2e2b-40ff-9f35-92a59f6eab1a,9.8
84ab3868-353f-4f3f-9b56-21897ed3f014,0.38333333333333336
8460c3cf-2f10-4ae0-8c46-50c63a4e584f,11.983333333333333
459b958c-22da-43e5-83c9-8497e54473ee,2.85
8d714eed-7661-4a6a-8c42-f427536c3c77,0.8666666666666667
6f20606b-9b58-42c1-a958-41873878e161,4.633333333333334
592327cc-7ece-47a8-8029-532b1a490699,4.516666666666667
e5d62ccd-edd5-4a25-a756-2ea5da7467ad,11.833333333333334
899daf9a-bbc8-4355-a771-46670f638284,2.9166666666666665
0642226f-dbc6-4cf3-8793-d70462cf6e8b,7.816666666666666
29fcb1f6-a4af-4638-9e45-315fa22ebb48,25.6
f74609a1-3204-4bb1-b177-08a310165437,16.616666666666667
283be3f3-1acc-4870-8ff8-04aada046752,8.95
a06eaf31-63f1-4bd0-aed4-cd76f378936f,23.55
36064223-dd06-4be4-ad3f-8a15cfd20b1a,12.966666666666667
45996626-46c3-40c7-8e5f-67b3ecd0b5a0,12.966666666666667
743f3bad-76d0-44b6-a435-570ffe89799c,15.233333333333333
b55e2fee-bc95-4d36-97fa-ad9c316e4aa9,7.833333333333333
6f4f3209-8253-4031-b23d-ce5ed49210f5,28.966666666666665
e0486ab2-107f-40c2-9170-0c55b832f08a,9.516666666666667
9343e369-cffb-4389-9276-e25dd2c2122e,34.53333333333333
6fbf1a2a-c5c2-432e-98ed-cc7509f86cf8,19.183333333333334
9e143c87-0500-416b-8a2f-990b8f637943,11.9
078c042b-9f92-4904-871f-01a2855a3d83,5.216666666666667
af842c4f-066b-4092-a071-627bcbf3f900,11.216666666666667
fff5926b-e74b-4a6f-9262-b1ea354239f2,10.333333333333334
03b7330b-7879-45c1-9811-3e62b0e0c3d0,19.9
2a9d8e11-7f1e-4c4c-a089-4da8fa14d206,5.133333333333334
312bef3a-6c3a-41c9-b642-af7d62dcc462,5.8
42f9c849-6e6d-4929-a55b-ce018b6ba33f,11.633333333333333
20a24f63-af4c-4917-876f-dc6d36a20e60,2.7
2c9c33f5-367c-4088-8145-572943269843,17.183333333333334
4b914d13-9e49-4d52-9ffd-b1861eeac04e,26.85
18796d3a-f553-4802-a2fc-24ade8514dc4,8.633333333333333
7b62ee62-4d14-4601-9d64-c3b60d2a65a0,10.1
88921b92-e05b-451e-8f86-fcc89bd2e423,24.816666666666666
d8a86896-5882-4474-be01-650bf413081a,9.05
04048a07-4d18-4e55-bd72-000b7d969cfe,20.4
1bf494fc-11e4-4beb-b4c8-3697c7fd398d,21.55
6cec839b-0905-4553-8b2f-538e59301b8d,14.133333333333333
87270f89-985a-4bd8-864c-1c926465e332,13.583333333333334
5ed9e6b6-0445-460b-a574-08c5d710c353,25.016666666666666
a0b1d855-2129-4fbd-a609-66cc1402f3dd,20.75
f6ba4c6d-49f8-41b4-bd08-1276968ce6e5,13.033333333333333
0f2d3fe2-8f46-495f-8bc6-2eef158b3c26,7.9
0a7c6e95-3966-4546-ab84-8bb30ada40bf,15.8
bf924d41-85f2-4d95-9a59-88073d6c8f34,18.7
aa427834-f646-420c-b1b7-7aece409ff88,20.05
45192781-f1a0-494a-92fa-9e83bfd993e7,4.65
cffb790d-155c-465b-9416-97be78960859,26.0
dc64f741-9320-4c9d-87f4-ed091a73687d,8.65
d8491ea2-58aa-4c09-8d6e-d49dc8362be0,12.2
43868c2c-635f-4870-af2f-4ade1d7f70dd,20.733333333333334
d72e7ed9-5989-4d64-93ee-8ac0166e6149,9.383333333333333
17f75696-df3e-427a-889b-5bdf0977cea9,4.7
c5e7b17c-0050-4697-9c57-72c89075f2ee,22.233333333333334
9c185a57-c98a-48dc-ae4d-b2ae812e9e14,4.116666666666666
02d50152-29a4-45d2-8855-dacfcba4d940,12.116666666666667
83a2281c-daaf-429d-966e-3788fe33f89f,38.1
e8d9021c-ae85-45f0-912e-e35954555f7a,1.8833333333333333
a0f44f07-47a2-4659-a30e-0ac0b29ae2c9,6.333333333333333
284a8477-db89-4df5-b394-7fa9d3ca8c0e,16.35
159e29f6-198e-49b2-97bc-634d8fa2ede5,12.716666666666667
a272a61d-1813-4418-bc55-44837004860e,15.0
0b33d58a-36c9-41b4-99f1-fab390dd5349,12.733333333333333
18aca506-7f28-4559-b9a4-32d4e5e0e991,14.416666666666666
291617d6-0bc5-41ad-b03e-331cf2c27fc6,29.033333333333335
824bc3ce-ecd2-4a0e-bcdd-cf40c2ba1898,20.133333333333333
db344c0b-8f87-49be-94cf-ee12f3dc6ef9,13.283333333333333
bc7b8781-be1a-47a9-8135-628a3fb5d8a3,6.116666666666666
1ab9abe7-ee43-4010-84f5-294eef4c93bd,14.616666666666667
0b07230c-3eb5-42a6-a322-765a2a98cf62,11.016666666666667
f8ff6c87-897d-4d60-8812-1151e40817b5,10.533333333333333
adaa97fe-19d3-4c40-9293-18e93f3a707d,21.133333333333333
f091f721-347b-4dd0-b853-7bd10457f558,17.433333333333334
e742ac58-cc5f-4d7b-b04c-61fe552f947e,16.8
2e5dde49-c06a-4daf-8d3d-aa59ca9c79b2,2.033333333333333
507cd1aa-7856-4d77-bab6-e0b48736ad47,16.666666666666668
a5983fb4-21a3-4d96-a98a-c0cd7e5c4176,9.266666666666667
ef3a1636-a70a-4006-ae26-7214788b8358,33.05
9532355a-5518-4d7c-b6e5-391a82c34886,14.6
8cd89aa9-0225-4cf2-a836-a44ec566d956,12.283333333333333
3c7b997c-b261-4771-b09a-445a0d5dadb4,15.233333333333333
208b53ad-8db4-4284-b0a8-9bb0e830784d,12.933333333333334
4f3413e0-9304-4a1d-bb23-5e640d39418a,10.883333333333333
f15986ac-5b61-4d1d-92f5-4a95f9a3ad3b,18.35
707d2dff-d71b-4429-816d-5284336f13f3,7.266666666666667
c21286ef-d78d-46d1-b9c5-700d54978605,23.783333333333335
ef810dba-6d42-4edc-a6e2-78fccd6117c7,25.983333333333334
3cc5d29d-cd63-4ea4-a31d-891ec59cc8bd,11.833333333333334
477187a6-b3d7-444c-9a2c-b36c52a0fb19,13.633333333333333
feeb8a7a-6ca5-4513-9180-fd601c1b1c36,15.516666666666667
355a0e42-da0b-4a92-949d-750d579d587b,11.683333333333334
b099be37-23de-48ca-be84-053ef865ea5b,2.3333333333333335
c178c94c-835f-4e02-8a0b-137460716c51,4.816666666666666
27f4d980-3a91-42ad-ab45-0ac51af877e3,15.716666666666667
cc09e7a6-a6f8-4ea9-8a02-230e6e728ff2,10.516666666666667
9e7d6146-d2d8-4c15-9dd3-35425b39ccea,3.2666666666666666
f5786fe8-1e9e-43e7-ad75-0c6ae868404c,14.4
f8fe07a2-047b-4ab5-9796-694c264350d8,12.55
7cd53a10-6d33-444d-a698-b9bb9873f8cc,12.533333333333333
3f590b8d-29d6-46ed-9b5f-7daaac843459,9.033333333333333
c6a78046-95de-4b28-976e-18032ac00b1b,20.2
aaa8a116-edd1-49aa-9997-d14a510ce617,26.95
1792a2d3-4175-4250-a9fe-bf65cd5422fc,5.183333333333334
d51a0bdc-9da1-480c-a544-2028a0543a9e,0.3333333333333333
44229a79-d294-4f17-95b2-d7cb4dd95d96,4.483333333333333
219d755c-247e-4cca-87b7-af5ce1fd0fd9,33.0
8fe736f3-8336-4592-a3f3-61748bd4f82d,7.6
6bf07901-f224-421d-889c-57944753c7ef,20.733333333333334
474053e6-5b7e-4b91-96c0-c91d852c509d,19.85
962e31e6-ae08-439f-a70e-b2bc7ee1498c,31.983333333333334
ca3f0c07-aae8-4ad7-8cd6-5dda44634931,14.616666666666667
5238b88f-f04d-49ae-826c-041675851c9c,8.166666666666666
e6eea042-ed43-43e5-88b8-ee016fd89155,27.766666666666666
d65b6874-fdf2-4fd6-9195-8728b9d9de57,17.883333333333333
223de35c-907a-4611-a963-1b5f30f98fbc,4.116666666666666
66689377-6d5a-4beb-8a76-d869538c0683,16.583333333333332
7ccd937c-4fbd-4028-83a1-450b11ed8948,7.883333333333334
f4946d44-bcf3-4f1c-815d-41b8c57a652d,21.133333333333333
349ea715-5743-42df-9b4f-32f2ed54a02c,31.4
73263b4b-e141-4299-b654-049c1c5516be,6.0
95f3da77-b7c3-4d2c-9c05-a2a59245cb40,20.1
2784397b-0740-43a9-a3a4-03cf5fc2011f,23.716666666666665
2448dbd3-6921-4844-b835-7edb67401c4d,21.016666666666666
4ebd7d8f-a52b-4fc4-9fa0-7e2d16e662ec,29.833333333333332
038a2f8d-18a1-4803-b599-ffe396275957,35.06666666666667
661fbc3e-f1b3-420a-8178-524f6678d030,29.183333333333334
e275c2b0-b69a-4148-a1df-ed53b68ecdf0,6.383333333333334
7005d7b2-9ead-4186-87c7-979cf8db2434,6.583333333333333
c860ce05-1954-45e4-a20b-515aab9b3999,9.333333333333334
64c7ed98-f4c6-4e8a-827b-a8f2fbba21b6,8.266666666666667
7d4ce372-cf9e-41aa-8a84-b31d925aadd3,8.483333333333333
615948f0-9d31-4c21-a931-5d7f838cfa80,24.683333333333334
ce238e6b-dda5-4852-a8f9-eb170f4e743d,10.266666666666667
d152e5e2-f14f-48a8-8118-a5e4873481c2,11.383333333333333
2b7e0137-b101-411a-b4cb-8569b72ab35d,19.916666666666668
7753c201-3e57-4f1d-8bdc-9af25bd29f30,20.416666666666668
1ed6647b-181a-4f87-8ed8-ad73118b66aa,6.7
c422ce0c-bdaa-4a9b-8ce4-e1dfc9433ecd,7.15
bbc645eb-31cd-4065-80f2-90e502ac548d,22.85
a757b38e-b8ea-47e5-b14b-c72ddb06ef61,5.766666666666667
8cfbecbb-0ecf-4593-af7d-a13bfedcd583,20.1
12591000-5c4c-44f3-83f2-eb24ae80180c,3.8666666666666667
f214d657-ad1f-4cb7-85c7-7119a3aa6c64,40.016666666666666
72a41755-5aad-4be6-a6b9-146ce697e3b1,26.666666666666668
bf546d97-4df8-49b8-a601-adc549867e5e,13.983333333333333
037d208d-e680-41c0-864d-18a682d369a5,11.166666666666666
f5ebd236-3355-4208-960f-d8d13b7cefd4,3.683333333333333
a453455f-5b65-4fb0-979e-26973e768a4a,3.1
e7a70e32-086f-4fc1-9f39-bbf7a390214b,6.733333333333333
4491c5b9-2d4d-4da3-9404-29ec455dc5e6,30.95
fa5786e7-112b-44ba-b63b-110fb1660343,3.75
2d43f0a2-2fe8-44f8-9c97-102cb776a15d,19.066666666666666
e752dd3a-8274-4413-bd82-9a0e7b4b37a0,20.5
ecf37039-9155-4e59-96ad-a2b9a72dfa4a,24.516666666666666
8d9e58d9-a1ab-482a-8f4c-31ef4c0d6692,13.083333333333334
bbc245c7-80e7-432f-95ca-ce8b3cd03805,13.1
8d2d4a48-9e9c-43c1-b560-30225a06d771,13.166666666666666
54db1718-f63b-4779-a4c3-7885f2170d52,10.95
e5523997-bacc-48a4-aaab-856738ca7689,10.733333333333333
0415bd1e-ac2b-44ff-bad4-5f9d20ce077c,4.866666666666666
2c014343-397c-459e-83fe-5db5d2949d16,6.766666666666667
2cbe7d14-c5f9-4eec-803d-78facde8623b,3.5833333333333335
944042a7-611e-4f0b-b508-284c8ee9e8a2,31.033333333333335
87f33bcd-4a32-400e-a4b6-2e18ac9c05dd,10.15
5c08c620-38f4-4a4d-9fcc-33a8d8266ddd,11.583333333333334
7253caa2-ce70-4b62-9f2c-097a0814bb8e,11.483333333333333
3ffcdc45-59d8-47f0-871f-19c30ba72886,6.7
2f8483a3-2a6b-46fa-9210-9502649aec65,16.483333333333334
c5f2a6b8-24e8-4b29-a898-f1f0d980d277,8.066666666666666
4ad44dde-5692-4d55-a2d6-c756c20f6351,16.783333333333335
41c6783c-29ba-4ae9-bc0f-5ed6faf1c08b,12.3
cef4241d-aefb-4168-aebe-6a7bec445786,8.533333333333333
57be6fd3-7bf1-4019-8f25-9674617b77d8,5.516666666666667
3ad5c2d5-db5d-4ce2-886a-97eb54034964,24.15
68add5f9-1a46-401d-be4e-db59d2b4371d,17.066666666666666
30e4f1b8-b434-48ee-b51c-c1107fd22ea3,14.2
ad4d99c5-c1ea-4b07-929f-59eb1d3b6372,9.016666666666667
eddbddd3-b2ab-4c5b-a339-1fed2d5aaa77,5.616666666666666
4b4d1954-87e2-42ff-b28a-8e5e45aa7316,4.833333333333333
c82b4f0c-60cf-4ab2-a323-6b7bddbd4357,4.7
8319b0e6-c762-4bfb-acc2-bf663ade7ad7,9.316666666666666
b5ef7d47-b582-42c2-9bf7-c0acc07795e9,7.55
cf0c2e4d-d5b3-429f-a71d-166be368a9f0,6.6
ad012e4f-3912-4ff3-aa39-a22c4f7a9c32,28.683333333333334
d833e799-b085-4840-a2e7-503a375bb7d9,12.45
b05e5464-845a-48a9-a799-bc8f5a3af612,12.933333333333334
39fa2809-bd1b-47a4-8ee2-dc206c5beb99,10.316666666666666
2a8565f5-8de0-4e8a-9a3b-0bd120433bad,18.566666666666666
4a45d8f8-900f-496a-8941-e02c38ec52ad,5.716666666666667
67fceb17-9ce1-41b1-b3c7-a065d7b8e019,11.766666666666667
88bbe4e3-afd5-4677-b7b9-e9f6e8f99d78,31.666666666666668
2034a7ca-3050-4124-927c-5cc13370a16a,15.983333333333333
6832c131-94ba-41d0-8c06-edfd5e00ad0c,6.666666666666667
7d282a1c-3503-40c2-88e3-8bba1ee68339,8.0
6b48e75f-90c6-4fd0-bf69-34d6acc0a829,7.8
f14ef164-54a9-4ff0-911a-323e7f648dd9,18.416666666666668
dcd42e06-27b6-44ca-a636-94b45a1ed0e8,27.033333333333335
498cbae2-d8b1-4d91-849b-a43c6d161c7a,16.066666666666666
e0c19a27-2c46-4e18-accc-328e11bf436c,5.983333333333333
678c5211-1f13-4604-8cb9-7390cdaab7b0,6.9
79c81d10-2093-4ac2-b411-5fcf25afd3e0,22.833333333333332
7055b0b4-005d-44a5-9a9c-59dd9585e205,18.033333333333335
48123da1-a447-4354-8f13-c994e9b34689,23.033333333333335
c9b59fff-915c-40e0-abff-20f90e5e2296,10.966666666666667
cf218910-5c46-49cd-a88f-7bc51d390dd3,10.4
7dfcda18-0d58-4f8f-8048-eacbbe38075e,3.2
bb7ee550-aa93-4d4f-8132-8d8e582bf2b3,7.116666666666666
fbda5579-f7ad-45cd-baf8-331a69eae62c,13.316666666666666
eb47a6ae-f412-41d3-a0c2-5fb3bd9ca11a,15.2
a5d49c36-af4b-4ffa-941b-d691752c5b61,8.45
ac1b9e4b-856a-47fd-ba9d-16c213c1d92a,15.65
71a485ad-6f85-4f5f-9b10-1cab80b85bae,33.28333333333333
cc2cd391-ec8e-42c8-91c6-5ef23ffb064b,9.5
1ffe8242-7774-41a6-a2a1-913b92ffdd86,13.166666666666666
6592d421-52cf-494d-935e-ca82a66afe3e,10.383333333333333
03323618-64e2-4943-8d19-ad292f70d1ca,5.0
734b9865-0a91-4bdc-8fa5-420e928522f6,5.566666666666666
f090c114-32be-4d50-b842-26f287b37ebb,22.883333333333333
9d3bcaa7-6cbf-496f-967d-546ae4a65e90,8.533333333333333
6a4f4612-715c-45dc-9049-1e169dfca7f7,4.716666666666667
523560b7-a6b6-4abb-a365-264d4d440988,0.31666666666666665
044799ab-d8bd-44e3-b064-0751d527005b,6.466666666666667
aa4a8927-60b9-4bf6-8fb4-a5d1a2987522,20.4
8b91fa54-5548-4965-a6fb-c8621e1ef4e7,15.233333333333333
0f584e05-bcad-45c8-b8f8-7d3a03af25ba,7.3
94eae955-a925-4dc4-896e-a6e58456410c,7.066666666666666
416952a2-5ff4-4815-810f-c5d4c6e0da1e,23.733333333333334
4c8d34bf-8d58-462d-b593-a377f13c122c,0.6166666666666667
7588eef2-7eae-4085-a32b-71f8dccdafa7,0.21666666666666667
69613e69-0563-43bd-956f-a5e95133ad00,14.683333333333334
8814a8f0-3067-47ae-8345-429fe112ae25,11.566666666666666
8cf4e447-4b65-483c-8185-3bcaf4bf2952,25.383333333333333
4c6ae5f7-a168-4e01-a370-770e380eb72b,22.75
a04912ec-dd57-4f82-ba3b-7541b1d511dd,21.2
58d43c41-962a-4480-a9a1-647c1655c286,6.583333333333333
f7e254f1-c307-4c33-a2f2-6b43683e6526,6.45
d8b84a8a-a0c7-4ef2-b92c-fb590835855e,25.166666666666668
c27cf155-d41f-450d-a6a3-1bb3a7a1234a,4.616666666666666
8d15f6f2-8b6d-4998-b5ed-17784d7563cd,19.35
015cdfe3-9b46-41a9-815f-6afbd9a87af3,16.266666666666666
0199fccc-f14a-40a1-94c4-eef9814ba05c,14.783333333333333
a8d5f014-c381-447a-adf9-e27d94789752,10.783333333333333
a13b4594-ce7e-48ef-834c-bb491b4d4f2d,1.5
4e43c9fa-14f0-4f9c-90b0-d06670ec15da,4.833333333333333
00801c93-9ba2-4117-bd1d-702cb75da32a,4.283333333333333
1f51e3d4-d1d7-46b0-bd98-b5e0d96fe59d,16.45
11ea4da8-4b4e-4d19-936d-cb26ea300c38,0.06666666666666667
87f2f3c6-e5df-466f-b6f4-4b5d49b4044a,10.8
87c57279-195c-46e8-9334-aaaf5ef12a8a,10.483333333333333
87e0073f-a71d-4997-bad6-2fa81b6d3d1c,14.866666666666667
02c92bc8-c004-49e3-8ae2-e0705b384e41,4.716666666666667
15b8794e-332d-4b7c-bad6-625bb3936ba5,0.36666666666666664
d50f4997-c43b-442e-8a2b-7273497dd843,13.216666666666667
b641eec9-0d4a-41c2-a959-e309b58e27f7,9.7
e62e4098-c7a0-4c32-91ce-0ecacdecc61c,28.133333333333333
19ef4e16-211c-49cd-a86a-6dbf00c88f1d,11.716666666666667
e724e89b-a769-4d31-8b1b-8aa9280ba581,11.566666666666666
31443d90-1af4-4f2b-a8c0-2048a9a60e1f,22.65
92f83e6e-de4e-4b96-9a00-9b212e46e7e3,14.083333333333334
508aa40f-b756-4e0b-a72f-6e482e1648d6,5.2
2e02020d-c6d8-4f18-a27e-af9889d38055,5.55
b55ff1fe-14e5-4799-aa6f-67664eb1b7fe,5.183333333333334
b399eca6-d8f0-494b-a76d-5fd455e44754,5.55
9903f3ea-c0db-4cf5-adcc-08c32b2f3755,20.333333333333332
104ea2de-db6c-45fa-bd85-d50a917e1d94,11.3
af10509b-98e8-4404-8f02-f1db4bcf0e6a,10.2
4adeca08-4287-4d81-9b0e-2b051fc9de65,15.433333333333334
c7dda255-9096-482b-94c2-9cc0d59a1e7d,4.216666666666667
b9e807f0-ef67-4f68-ba56-511e1e99651a,7.166666666666667
4c280a84-8eaa-4801-bfa4-a8c7c2b93935,13.066666666666666
4effc1e0-d27f-4e35-a366-5c8847624439,22.983333333333334
e7d65f6b-7296-4a4b-a7a8-8f6603e76382,13.033333333333333
1547f877-2cbb-4c32-8521-64e3e73a74d8,14.383333333333333
6bcbf028-1e00-47b2-b5d8-96e055efbf03,18.116666666666667
90e2face-4c88-4449-957e-fd59d66b4f4b,17.116666666666667
a029a876-adad-4570-9514-4249a197e4dd,8.116666666666667
5d6b56c4-e87e-46f4-ad3d-1d66a3b79c96,2.8833333333333333
c86a1c35-a9cf-4132-be4e-011afa1d7925,7.183333333333334
5dd4c887-1211-49b2-84bf-383c2ecd2597,8.55
87fc6688-b938-461d-aac4-2903677c7ab2,18.333333333333332
dfdf7924-b8ed-4a0a-bb5a-2c45b9d39b7c,11.383333333333333
50efd4c1-2778-4c56-a6a8-c106d9d682be,21.533333333333335
1a34a4b8-c283-416d-84ee-18d919c70168,6.866666666666666
50534932-8a67-45cd-a846-f1a8f2c16329,7.783333333333333
a9ceee64-032f-41a2-94b2-61869d6c9621,12.366666666666667
40512328-f473-462f-aa75-ca3a68a24ae6,6.45
069ccf05-0f9b-49ba-9ae8-e4a120e4e5de,4.0
8d4910bb-8e34-42a0-a5b4-f11b0bad9258,7.45
1b998509-346b-42ce-9e49-fb815e132b9b,36.31666666666667
de5fe612-1122-4e97-9bf7-b4b023e985d0,20.45
0c439202-1a93-4335-bfd1-fd69d2fdab60,26.916666666666668
09ede3c3-1bc5-48c7-9cbc-4f7363ef0f2e,6.616666666666666
4eda5d0e-35fd-406a-9cd3-82776bc9f826,20.833333333333332
8af6c2f7-a0b1-4777-a5d7-2da985941de7,14.5
d0961064-3046-432f-8181-803ebcb0ab38,6.65
0195237c-5c2b-4200-b0bf-97ce69356f86,5.283333333333333
45742144-d67e-4358-b049-94894a7fd8a7,11.633333333333333
75ec66ed-61c1-4c34-b93b-2ac06054ae74,26.183333333333334
05251128-c38f-4c7a-83fd-464b82990c86,1.3
e9a41a0e-c07c-45be-b5e8-2608ea7c67ce,7.883333333333334
1fce5eea-60e7-478d-ae78-7061cf2617f6,9.483333333333333
4600d585-1941-4564-a7c1-66c57fdaac85,3.7666666666666666
ca886790-2dc9-49f1-b829-f27df9d9ee27,10.583333333333334
c3a6e996-ade0-4f31-8b73-e7c3e9af29f5,20.383333333333333
29ff81b1-c3e6-404d-ab3c-817f111c9a3d,13.083333333333334
82c891ab-4010-4caa-b213-093742f1b31c,9.983333333333333
92ec0c3d-c038-4a2a-be4f-af0acfc0b9c1,3.3
7bebf0e0-eecd-4953-9792-984a130b5ba3,5.283333333333333
e9cd3b49-76f3-4bf3-8b92-89ba92890ccd,21.3
19ef54a8-4cb6-44fb-a48d-56d80413785c,9.0
3c6081b1-f7fd-4c54-82c7-1dd57c1fc3da,7.75
ed3c48e6-0b02-4f75-a2ea-cb695113b672,9.283333333333333
c5c8d5e7-8453-42e6-9773-afab09666033,3.15
a8d25ab7-ff75-4064-beb1-6e50f7df6b9c,8.583333333333334
455d4676-ef5a-40e8-8ff5-b09994991493,20.083333333333332
5dda3c5c-867d-4c41-b6ef-9eac97b577ae,5.366666666666666
600c2013-1ff7-43c6-9dd2-0f0deee310d0,5.766666666666667
c200f7d9-31c2-47c2-97b9-6785bb926a47,9.166666666666666
8eb467ff-06f3-4367-a849-29039113f3d3,1.9166666666666667
c460e252-0836-4b5f-9fc6-7982a24f4760,5.7
f52794a4-04c8-42a3-b2ee-70e9025f6d10,17.0
e9f50d71-a307-4143-9db4-48ca903f2f6a,1.4333333333333333
8e6dac7f-3765-4480-b56b-4d919d93e1cf,4.716666666666667
71570d99-8734-40d6-bd19-598a5438ed12,20.583333333333332
59d08b1c-264a-40db-ab61-a8c21fe9dc8b,17.75
4e9d6099-34ef-4b32-8563-4d5a21e0d6f3,27.966666666666665
d2d4e65a-7a38-4c06-8df9-d5775f7d15ec,12.5
f500681f-2385-4a88-84e5-26e8e0c5b834,17.216666666666665
3b1d0d43-bd2b-4c62-8795-fbdc742e5a37,20.183333333333334
86858a5c-b3d4-4eae-8879-e88a8bf003b6,16.333333333333332
edd298fb-c4a5-4e32-abb9-bbcbd1c0b7fc,19.933333333333334
5f998ae4-b742-47ce-819e-38782c4bb4a3,6.05
40beeceb-48ef-4049-aad4-2ad322f2e371,11.516666666666667
1640a7bf-6ba4-42a0-b0db-7a309af997bc,2.566666666666667
69fe9afc-8825-4d31-9bd5-9dc85156a3d6,5.283333333333333
2bcf78e4-6592-4c1d-85b7-e2dc3a63efca,7.0
67844659-6ce5-4e69-80b4-f1e10232fc21,8.6
54c2475e-d794-4112-88b7-cacf2cc22628,18.866666666666667
8e883ad8-3e40-418c-b8f6-e62b8750f823,21.25
e770ba18-c91e-4194-81af-5bfe8c36ad03,74.13333333333334
5a1e07e5-77e2-4b3b-92d4-cfd32998ef27,20.266666666666666
02147054-de64-4597-8a85-ea444e1bfeae,6.95
b4500a97-bb21-49a5-a174-2f5c0d295b9b,4.833333333333333
e21bc535-b0e9-4cb0-93a3-ec65805ff259,17.166666666666668
3be64768-4c4f-4b71-9a1a-9caaf47310ed,1.65
354752af-203d-4f77-8c86-2653d8f36e6b,14.866666666666667
660d535c-3981-41d1-bc98-9048ff047832,7.383333333333334
146078a4-885b-4349-8a28-e75665ce7fa4,13.166666666666666
fcdb2260-7920-4954-89e7-909e5fac44bc,8.483333333333333
b2e007e1-3f58-4620-90c5-c9b0ad503fc8,17.916666666666668
d4c2390a-f5ba-4fe0-99cd-1122c2adc429,7.783333333333333
4e80879f-073b-4712-a2d6-bedba3a12421,39.333333333333336
e18bb147-dea9-48e6-b091-983eb816c577,8.7
aa6823be-0925-4757-9b84-cefe6e0c9fc8,6.9
9de43156-3624-483e-aacb-1e378d5046cf,13.466666666666667
35a4bcbd-b37d-4e85-97a0-f4394fdbc2d1,12.483333333333333
4ccce8a2-73ef-4cfa-a241-846bd77ce924,13.45
052feb23-94f5-4f89-a8c7-6538af0f7868,4.366666666666666
9d41a716-1eb2-4fe2-ae00-ccb81364ba0a,18.366666666666667
79ca1ad4-fd35-47cc-b466-08487f51e8d6,10.133333333333333
f86a577c-48b4-4f10-a3f5-69ffa975a659,30.266666666666666
4f9d0b4e-fa46-4b43-85af-6638fa041318,12.183333333333334
feefa3b5-4df6-4a55-a448-a1e30bd1a6ce,25.916666666666668
8fa28de8-9164-4b54-90d2-6cf39b342676,24.15
34f6d4ef-550a-48f5-8300-d4194b5b3609,11.266666666666667
a8d46681-e6d0-4a4c-9f3c-061c17993cb4,11.75
1e7ec179-f60f-420e-92a7-043a32bcc1ca,4.866666666666666
79da461b-4ac3-491e-925d-f7b56fc98cf3,11.25
3efe626b-9e33-4ca6-b437-e575041819ba,14.733333333333333
bf6d8bac-5cce-4c18-ad53-6fd50d629245,2.7333333333333334
5feb9f37-422e-4f25-8398-4e4d90065485,21.566666666666666
b9cfd961-8f34-4d60-ba71-c6da2a25eac8,9.583333333333334
8e5586d6-6329-41f2-9781-84ff341551e8,9.233333333333333
d1ca064a-da9c-49ba-b109-6ed2faa698e8,12.166666666666666
53abd2f8-db31-4996-848d-a8ef903599f0,14.933333333333334
3a7c0212-5c09-4272-bba3-5dace4d8c542,7.633333333333334
3240a083-8fb2-4337-b94a-ef83d25f8421,1.6666666666666667
355a477f-2ea5-49f8-a011-89ee93d4de33,10.15
20184bf9-a6f1-4776-b4f9-919d8eb29304,8.333333333333334
8d5415ed-4e64-40bb-8aa9-9d4679e7f9a4,13.533333333333333
e48c3a94-4560-42fe-98db-acfb568db463,13.533333333333333
710899ca-3df7-4b35-9ada-8beda92251a1,14.6
0742f565-0c7a-4d88-95eb-be5e9243a63e,14.6
ccb17839-809b-4e2a-882c-3b064055884c,25.45
f72bb192-a121-4845-a7c5-564936ab73c1,16.616666666666667
8bfae078-fec8-496d-a1a6-f17504a06de2,22.733333333333334
37466122-b5d1-476a-82f2-f95475a9433d,6.133333333333334
31010d83-b3c3-496d-807d-1608bb96f21d,20.666666666666668
741e3831-50d8-4736-8127-1abb543dc812,3.316666666666667
00bad568-b1fd-4628-bc8c-05a3ae3991e7,14.05
92e7867f-430f-4f90-ad58-f98f62e58001,10.616666666666667
4e8214c1-221a-4fc5-8556-8ce4efa75af6,6.916666666666667
1630fedd-8234-4767-9b88-84c8f4845a24,9.95
0180b66b-da32-42de-8c9d-b4836e9e8a9f,1.2333333333333334
fd87e24a-e15c-44ea-b151-119afc342263,11.466666666666667
d904eacb-e124-42c8-8351-e0ce2fb6cd96,5.483333333333333
4aea6a22-5ba4-4d6f-9514-429a28674198,10.8
96190ac1-6450-4a0c-9f16-5eda56fded08,3.5
dc9a6d6e-b4dd-4f0c-a82f-d820a312645f,9.133333333333333
1922fb42-d0c2-4115-adfd-013b8a30a2f6,7.85
f1906d79-fe6a-4a72-94c5-47fe110b1092,11.516666666666667
9799b572-3b5e-4056-8b53-6069a92b03f6,12.65
60fe111a-5265-4e1a-8346-b0984bc4e772,10.033333333333333
74e292eb-aaad-469d-8958-d1cf8c0c8c1a,26.983333333333334
589b2417-8a19-460c-a6c5-7534b274319a,16.75
ce918ba1-472d-40c4-9bd8-afba7b22585d,7.916666666666667
9e08ad2b-8eaf-4a3d-b68d-7ccd6ac44563,10.35
c6542552-0432-4c66-b08e-52314e0f4f1e,23.8
ce4ffaf6-a2b8-4aaf-acb3-8716495116ea,8.066666666666666
48eb75c6-a598-443a-acc4-5314b1b7c3ef,9.916666666666666
f56e671c-75ea-46d8-9de3-89f6d05f7cb8,9.033333333333333
03884ef1-6501-4d40-a2cc-4b78304c43b3,12.033333333333333
37a05b52-19ae-4cc6-9f5b-8bf4b760c863,4.883333333333334
0a0a4f17-bc87-4045-b7cc-5d15f542ae69,2.933333333333333
cafc73af-2410-4a5c-9868-c943572d1f19,10.666666666666666
e9a4cefc-b4b9-498f-8407-0900ddd1b362,4.3
b806bf41-1ec6-4f20-b7c1-afda18ff138a,16.75
20c83242-521b-4471-ac9c-efa3a17d9ea3,11.166666666666666
2ae11e31-5f01-4dcb-a39d-dcb2d1d2efbf,26.45
b6ce3b9d-4677-46d1-b951-a5052c8e0e1b,7.7
fd159db5-d2d6-4dec-8a61-2ede2124f82e,5.766666666666667
349673a1-8569-4843-8e05-4d078e56836a,4.266666666666667
c2b1df6e-46c2-4dcb-92f1-61ba66b27c05,26.616666666666667
310029ad-c438-4c87-a235-971a780b68a0,5.8
4f7d6bcd-f077-487f-b5f4-d29c01dadbe2,5.7
79cd3f7a-5b9e-4c9e-a938-d996c0b6bb08,9.4
9d9cb96a-f45f-4248-9d56-44a839ddbb0d,7.95
c37044ad-a9a6-4adb-8222-c19ad519030c,13.1
40df19c7-06e4-4611-93ea-b5744a59935f,3.566666666666667
b672cd36-25a4-478b-8963-a91725bc8d84,2.816666666666667
f3808e0a-9334-47fc-8b85-4b17331d4dbd,15.983333333333333
a49807c4-6f6d-4214-98ab-73cd7081a166,20.333333333333332
a857a4b0-c966-4365-b5ed-5e49feb4e1fc,15.1
34ef11be-2e7c-471f-a495-23683f91adb8,1415.5
182b73c7-3ec9-45df-ab12-c138aaba2681,11.55
aa3253c5-ab4a-4215-b5aa-22c19bb1ee58,0.1
02944892-07ec-439f-8861-027b01ceecfc,12.666666666666666
6a6b30cb-bb23-4d5b-b04c-db4c670aeb1e,4.266666666666667
6991562f-8f3d-410e-9ba8-53a1e2de3dae,2.716666666666667
0acc85f9-fb3d-4d09-837d-60710cd84572,2.716666666666667
7d675fc9-c990-46f0-ae27-8e37d825b707,3.1666666666666665
7e1ca429-c048-4964-8614-ebfe3d559808,25.1
4fe79afd-fa96-4d68-9551-b2534e2288c3,12.433333333333334
f829a260-e3fa-448d-94e6-43aed97894db,6.583333333333333
aae9f9a3-6740-4a6c-a9d3-400e768b967b,6.033333333333333
ec6bfd0d-c77c-4821-a0ab-bdbd74e817cb,16.216666666666665
d6cd2a61-e35e-4956-9a90-2728c604a0ff,15.416666666666666
05662886-7dfa-43a0-9c29-fb83499b9899,19.65
76454aeb-2836-4250-a483-3de9e1aae1fe,21.933333333333334
c0c3ed3a-c3d8-4f82-809b-315af0ed467a,12.616666666666667
c2ec0aa0-cc1f-4030-b360-1dc8876b5180,9.366666666666667
94d84497-9a88-40fd-b34f-01863c4726f1,18.85
d16be2ec-8a16-4863-b01e-de3711a3ed7e,0.7
698b9d41-2af5-48a5-bcf2-88f6250aee6c,14.083333333333334
6cb7a6cb-eab4-4598-a4c5-686c1719db53,12.966666666666667
64c70035-8505-4383-acf1-7190878f8f08,14.05
573011ba-5691-4534-b680-787d75770b8b,0.4666666666666667
ddb54b26-0ad6-4333-8059-5511be29fc05,7.316666666666666
2f514c7e-5366-4ac0-b670-53648c844208,15.533333333333333
aad687a2-8aa4-47d9-8c67-dee2150afece,22.033333333333335
cb359ce8-7bff-452b-a080-2e38da9a61eb,11.666666666666666
0def13f3-e346-4db9-8716-49ebe0d27c0f,5.3
e39c2632-8ba7-4d5b-a9a6-dc44e5dfaf75,9.466666666666667
4fadbdaf-dde4-4722-ae52-ae49a0f17deb,18.5
d568b62f-2ad3-4eb9-9687-0e4a572e125d,4.633333333333334
c017524f-b858-4e6d-97ad-2ad6539d193d,14.233333333333333
fffd40ce-429a-4aea-a243-b46a577fc70b,6.8
d198da5c-1d55-4a47-bd15-998e6649692c,2.8666666666666667
92f03827-5c35-41ab-83c3-e6aa7082c3a6,24.533333333333335
9ba4a812-d6d0-46ba-adff-b7609b000afe,14.516666666666667
ce52fb62-b40c-4add-9333-171f8803c21e,9.65
f2d5518a-a07b-4967-bb58-f43810d64cc4,26.033333333333335
34f67d51-a53a-44d6-a22e-1e7398d02a9c,13.15
9e4f27f8-42e6-41d9-99ae-ee319810299b,24.133333333333333
96101e7b-e4f8-4882-ad3e-c209daba5be4,20.283333333333335
6dc9152e-2f13-41ae-a6f6-c6706047715a,19.033333333333335
94f06661-3f75-47c7-bf6f-1873d9521ff5,3.433333333333333
42373f4d-55ef-4d3d-afb8-1d7f63aeb30d,4.65
391762a7-6b3f-4737-a1f8-84b071233a47,7.666666666666667
005391cd-2437-4c85-aa0a-a1c9eb1ab716,1.8666666666666667
0a0d147d-5369-46a2-9dd5-859f59680e81,9.75
0aa5367b-7989-4d04-9320-4e2cf27aad19,20.466666666666665
ad64fcb9-e094-4d2f-88be-d880066be770,16.05
309c9c9c-c931-4353-8dea-5089d1918073,7.0
e923c35f-71e3-488a-a61e-778857dfbcd0,22.4
a06e233c-8970-43d1-a14b-b14cee66920b,19.75
4e8366ba-2f44-48cc-89a6-31e3b75c61a7,1.6166666666666667
0ddd71e0-3325-41f0-be2a-b90d04099bd3,6.083333333333333
e06d0358-dc2d-4ae4-972f-9b476a83bbb9,9.4
8629a3d9-6b0b-4539-88d0-fb1a00d25d4b,3.183333333333333
0dfbc7e1-32fa-4bed-a192-7df84c838fc6,12.133333333333333
402f02af-f81c-4b24-8bf2-ff92470d1ab9,24.266666666666666
69e6508d-be8c-45ed-980c-249580c830d0,37.63333333333333
c113f274-53d6-4a63-b92b-78c7426b9e95,9.233333333333333
6730522d-ac49-4c02-980d-c82de64fe5e6,9.6
